window,name,count
"Row(start=Timestamp('2024-06-16 16:00:00'), end=Timestamp('2024-06-16 17:00:00'))",responsibility,125
"Row(start=Timestamp('2024-06-16 16:00:00'), end=Timestamp('2024-06-16 17:00:00'))",single,118
"Row(start=Timestamp('2024-06-16 16:00:00'), end=Timestamp('2024-06-16 17:00:00'))",method,107
"Row(start=Timestamp('2024-06-16 16:00:00'), end=Timestamp('2024-06-16 17:00:00'))",popular,105
"Row(start=Timestamp('2024-06-16 16:00:00'), end=Timestamp('2024-06-16 17:00:00'))",apply,96
"Row(start=Timestamp('2024-06-16 16:00:00'), end=Timestamp('2024-06-16 17:00:00'))",walk,94
"Row(start=Timestamp('2024-06-16 16:00:00'), end=Timestamp('2024-06-16 17:00:00'))",generation,94
"Row(start=Timestamp('2024-06-16 16:00:00'), end=Timestamp('2024-06-16 17:00:00'))",we,92
"Row(start=Timestamp('2024-06-16 16:00:00'), end=Timestamp('2024-06-16 17:00:00'))",another,90
"Row(start=Timestamp('2024-06-16 16:00:00'), end=Timestamp('2024-06-16 17:00:00'))",where,88
"Row(start=Timestamp('2024-06-16 16:00:00'), end=Timestamp('2024-06-16 17:00:00'))",gas,86
"Row(start=Timestamp('2024-06-16 16:00:00'), end=Timestamp('2024-06-16 17:00:00'))",view,85
"Row(start=Timestamp('2024-06-16 16:00:00'), end=Timestamp('2024-06-16 17:00:00'))",travel,84
"Row(start=Timestamp('2024-06-16 16:00:00'), end=Timestamp('2024-06-16 17:00:00'))",room,84
"Row(start=Timestamp('2024-06-16 16:00:00'), end=Timestamp('2024-06-16 17:00:00'))",environment,83
"Row(start=Timestamp('2024-06-16 16:00:00'), end=Timestamp('2024-06-16 17:00:00'))",amount,82
"Row(start=Timestamp('2024-06-16 16:00:00'), end=Timestamp('2024-06-16 17:00:00'))",others,80
"Row(start=Timestamp('2024-06-16 16:00:00'), end=Timestamp('2024-06-16 17:00:00'))",house,79
"Row(start=Timestamp('2024-06-16 16:00:00'), end=Timestamp('2024-06-16 17:00:00'))",want,79
"Row(start=Timestamp('2024-06-16 16:00:00'), end=Timestamp('2024-06-16 17:00:00'))",audience,79
"Row(start=Timestamp('2024-06-16 16:00:00'), end=Timestamp('2024-06-16 17:00:00'))",daughter,78
"Row(start=Timestamp('2024-06-16 16:00:00'), end=Timestamp('2024-06-16 17:00:00'))",point,78
"Row(start=Timestamp('2024-06-16 16:00:00'), end=Timestamp('2024-06-16 17:00:00'))",difference,78
"Row(start=Timestamp('2024-06-16 16:00:00'), end=Timestamp('2024-06-16 17:00:00'))",sit,78
"Row(start=Timestamp('2024-06-16 16:00:00'), end=Timestamp('2024-06-16 17:00:00'))",full,78
"Row(start=Timestamp('2024-06-16 16:00:00'), end=Timestamp('2024-06-16 17:00:00'))",group,78
"Row(start=Timestamp('2024-06-16 16:00:00'), end=Timestamp('2024-06-16 17:00:00'))",little,77
"Row(start=Timestamp('2024-06-16 16:00:00'), end=Timestamp('2024-06-16 17:00:00'))",able,77
"Row(start=Timestamp('2024-06-16 16:00:00'), end=Timestamp('2024-06-16 17:00:00'))",goal,77
"Row(start=Timestamp('2024-06-16 16:00:00'), end=Timestamp('2024-06-16 17:00:00'))",threat,77
"Row(start=Timestamp('2024-06-16 16:00:00'), end=Timestamp('2024-06-16 17:00:00'))",respond,76
"Row(start=Timestamp('2024-06-16 16:00:00'), end=Timestamp('2024-06-16 17:00:00'))",it,76
"Row(start=Timestamp('2024-06-16 16:00:00'), end=Timestamp('2024-06-16 17:00:00'))",Congress,76
"Row(start=Timestamp('2024-06-16 16:00:00'), end=Timestamp('2024-06-16 17:00:00'))",answer,76
"Row(start=Timestamp('2024-06-16 16:00:00'), end=Timestamp('2024-06-16 17:00:00'))",wrong,76
"Row(start=Timestamp('2024-06-16 16:00:00'), end=Timestamp('2024-06-16 17:00:00'))",heart,76
"Row(start=Timestamp('2024-06-16 16:00:00'), end=Timestamp('2024-06-16 17:00:00'))",door,74
"Row(start=Timestamp('2024-06-16 16:00:00'), end=Timestamp('2024-06-16 17:00:00'))",parent,74
"Row(start=Timestamp('2024-06-16 16:00:00'), end=Timestamp('2024-06-16 17:00:00'))",provide,73
"Row(start=Timestamp('2024-06-16 16:00:00'), end=Timestamp('2024-06-16 17:00:00'))",scientist,73
"Row(start=Timestamp('2024-06-16 16:00:00'), end=Timestamp('2024-06-16 17:00:00'))",recently,72
"Row(start=Timestamp('2024-06-16 16:00:00'), end=Timestamp('2024-06-16 17:00:00'))",according,72
"Row(start=Timestamp('2024-06-16 16:00:00'), end=Timestamp('2024-06-16 17:00:00'))",moment,72
"Row(start=Timestamp('2024-06-16 16:00:00'), end=Timestamp('2024-06-16 17:00:00'))",left,72
"Row(start=Timestamp('2024-06-16 16:00:00'), end=Timestamp('2024-06-16 17:00:00'))",spend,71
"Row(start=Timestamp('2024-06-16 16:00:00'), end=Timestamp('2024-06-16 17:00:00'))",claim,71
"Row(start=Timestamp('2024-06-16 16:00:00'), end=Timestamp('2024-06-16 17:00:00'))",unit,70
"Row(start=Timestamp('2024-06-16 16:00:00'), end=Timestamp('2024-06-16 17:00:00'))",question,69
"Row(start=Timestamp('2024-06-16 16:00:00'), end=Timestamp('2024-06-16 17:00:00'))",final,69
"Row(start=Timestamp('2024-06-16 16:00:00'), end=Timestamp('2024-06-16 17:00:00'))",may,69
"Row(start=Timestamp('2024-06-16 16:00:00'), end=Timestamp('2024-06-16 17:00:00'))",sign,69
"Row(start=Timestamp('2024-06-16 16:00:00'), end=Timestamp('2024-06-16 17:00:00'))",what,68
"Row(start=Timestamp('2024-06-16 16:00:00'), end=Timestamp('2024-06-16 17:00:00'))",option,68
"Row(start=Timestamp('2024-06-16 16:00:00'), end=Timestamp('2024-06-16 17:00:00'))",gun,68
"Row(start=Timestamp('2024-06-16 16:00:00'), end=Timestamp('2024-06-16 17:00:00'))",program,66
"Row(start=Timestamp('2024-06-16 16:00:00'), end=Timestamp('2024-06-16 17:00:00'))",there,66
"Row(start=Timestamp('2024-06-16 16:00:00'), end=Timestamp('2024-06-16 17:00:00'))",hold,66
"Row(start=Timestamp('2024-06-16 16:00:00'), end=Timestamp('2024-06-16 17:00:00'))",field,65
"Row(start=Timestamp('2024-06-16 16:00:00'), end=Timestamp('2024-06-16 17:00:00'))",physical,65
"Row(start=Timestamp('2024-06-16 16:00:00'), end=Timestamp('2024-06-16 17:00:00'))",them,65
"Row(start=Timestamp('2024-06-16 16:00:00'), end=Timestamp('2024-06-16 17:00:00'))",pretty,65
"Row(start=Timestamp('2024-06-16 16:00:00'), end=Timestamp('2024-06-16 17:00:00'))",politics,64
"Row(start=Timestamp('2024-06-16 16:00:00'), end=Timestamp('2024-06-16 17:00:00'))",among,63
"Row(start=Timestamp('2024-06-16 16:00:00'), end=Timestamp('2024-06-16 17:00:00'))",he,63
"Row(start=Timestamp('2024-06-16 16:00:00'), end=Timestamp('2024-06-16 17:00:00'))",tonight,62
"Row(start=Timestamp('2024-06-16 16:00:00'), end=Timestamp('2024-06-16 17:00:00'))",sometimes,62
"Row(start=Timestamp('2024-06-16 16:00:00'), end=Timestamp('2024-06-16 17:00:00'))",grow,62
"Row(start=Timestamp('2024-06-16 16:00:00'), end=Timestamp('2024-06-16 17:00:00'))",design,62
"Row(start=Timestamp('2024-06-16 16:00:00'), end=Timestamp('2024-06-16 17:00:00'))",edge,61
"Row(start=Timestamp('2024-06-16 16:00:00'), end=Timestamp('2024-06-16 17:00:00'))",southern,61
"Row(start=Timestamp('2024-06-16 16:00:00'), end=Timestamp('2024-06-16 17:00:00'))",seek,61
"Row(start=Timestamp('2024-06-16 16:00:00'), end=Timestamp('2024-06-16 17:00:00'))",choice,61
"Row(start=Timestamp('2024-06-16 16:00:00'), end=Timestamp('2024-06-16 17:00:00'))",well,61
"Row(start=Timestamp('2024-06-16 16:00:00'), end=Timestamp('2024-06-16 17:00:00'))",must,61
"Row(start=Timestamp('2024-06-16 16:00:00'), end=Timestamp('2024-06-16 17:00:00'))",be,61
"Row(start=Timestamp('2024-06-16 16:00:00'), end=Timestamp('2024-06-16 17:00:00'))",firm,60
"Row(start=Timestamp('2024-06-16 16:00:00'), end=Timestamp('2024-06-16 17:00:00'))",fish,60
"Row(start=Timestamp('2024-06-16 16:00:00'), end=Timestamp('2024-06-16 17:00:00'))",leader,60
"Row(start=Timestamp('2024-06-16 16:00:00'), end=Timestamp('2024-06-16 17:00:00'))",could,59
"Row(start=Timestamp('2024-06-16 16:00:00'), end=Timestamp('2024-06-16 17:00:00'))",practice,59
"Row(start=Timestamp('2024-06-16 16:00:00'), end=Timestamp('2024-06-16 17:00:00'))",remain,59
"Row(start=Timestamp('2024-06-16 16:00:00'), end=Timestamp('2024-06-16 17:00:00'))",you,59
"Row(start=Timestamp('2024-06-16 16:00:00'), end=Timestamp('2024-06-16 17:00:00'))",kid,59
"Row(start=Timestamp('2024-06-16 16:00:00'), end=Timestamp('2024-06-16 17:00:00'))",day,58
"Row(start=Timestamp('2024-06-16 16:00:00'), end=Timestamp('2024-06-16 17:00:00'))",think,58
"Row(start=Timestamp('2024-06-16 16:00:00'), end=Timestamp('2024-06-16 17:00:00'))",will,58
"Row(start=Timestamp('2024-06-16 16:00:00'), end=Timestamp('2024-06-16 17:00:00'))",son,58
"Row(start=Timestamp('2024-06-16 16:00:00'), end=Timestamp('2024-06-16 17:00:00'))",skill,58
"Row(start=Timestamp('2024-06-16 16:00:00'), end=Timestamp('2024-06-16 17:00:00'))",stage,58
"Row(start=Timestamp('2024-06-16 16:00:00'), end=Timestamp('2024-06-16 17:00:00'))",international,58
"Row(start=Timestamp('2024-06-16 16:00:00'), end=Timestamp('2024-06-16 17:00:00'))",interview,58
"Row(start=Timestamp('2024-06-16 16:00:00'), end=Timestamp('2024-06-16 17:00:00'))",agency,57
"Row(start=Timestamp('2024-06-16 16:00:00'), end=Timestamp('2024-06-16 17:00:00'))",trial,57
"Row(start=Timestamp('2024-06-16 16:00:00'), end=Timestamp('2024-06-16 17:00:00'))",put,57
"Row(start=Timestamp('2024-06-16 16:00:00'), end=Timestamp('2024-06-16 17:00:00'))",yes,57
"Row(start=Timestamp('2024-06-16 16:00:00'), end=Timestamp('2024-06-16 17:00:00'))",identify,56
"Row(start=Timestamp('2024-06-16 16:00:00'), end=Timestamp('2024-06-16 17:00:00'))",fact,56
"Row(start=Timestamp('2024-06-16 16:00:00'), end=Timestamp('2024-06-16 17:00:00'))",cell,56
"Row(start=Timestamp('2024-06-16 16:00:00'), end=Timestamp('2024-06-16 17:00:00'))",lawyer,56
"Row(start=Timestamp('2024-06-16 16:00:00'), end=Timestamp('2024-06-16 17:00:00'))",thousand,56
"Row(start=Timestamp('2024-06-16 16:00:00'), end=Timestamp('2024-06-16 17:00:00'))",expect,56
"Row(start=Timestamp('2024-06-16 16:00:00'), end=Timestamp('2024-06-16 17:00:00'))",least,55
"Row(start=Timestamp('2024-06-16 16:00:00'), end=Timestamp('2024-06-16 17:00:00'))",cost,55
"Row(start=Timestamp('2024-06-16 16:00:00'), end=Timestamp('2024-06-16 17:00:00'))",friend,55
"Row(start=Timestamp('2024-06-16 16:00:00'), end=Timestamp('2024-06-16 17:00:00'))",investment,54
"Row(start=Timestamp('2024-06-16 16:00:00'), end=Timestamp('2024-06-16 17:00:00'))",dream,54
"Row(start=Timestamp('2024-06-16 16:00:00'), end=Timestamp('2024-06-16 17:00:00'))",huge,54
"Row(start=Timestamp('2024-06-16 16:00:00'), end=Timestamp('2024-06-16 17:00:00'))",west,54
"Row(start=Timestamp('2024-06-16 16:00:00'), end=Timestamp('2024-06-16 17:00:00'))",send,54
"Row(start=Timestamp('2024-06-16 16:00:00'), end=Timestamp('2024-06-16 17:00:00'))",past,54
"Row(start=Timestamp('2024-06-16 16:00:00'), end=Timestamp('2024-06-16 17:00:00'))",offer,54
"Row(start=Timestamp('2024-06-16 16:00:00'), end=Timestamp('2024-06-16 17:00:00'))",move,53
"Row(start=Timestamp('2024-06-16 16:00:00'), end=Timestamp('2024-06-16 17:00:00'))",year,53
"Row(start=Timestamp('2024-06-16 16:00:00'), end=Timestamp('2024-06-16 17:00:00'))",speech,53
"Row(start=Timestamp('2024-06-16 16:00:00'), end=Timestamp('2024-06-16 17:00:00'))",set,53
"Row(start=Timestamp('2024-06-16 16:00:00'), end=Timestamp('2024-06-16 17:00:00'))",difficult,53
"Row(start=Timestamp('2024-06-16 16:00:00'), end=Timestamp('2024-06-16 17:00:00'))",step,52
"Row(start=Timestamp('2024-06-16 16:00:00'), end=Timestamp('2024-06-16 17:00:00'))",family,52
"Row(start=Timestamp('2024-06-16 16:00:00'), end=Timestamp('2024-06-16 17:00:00'))",open,52
"Row(start=Timestamp('2024-06-16 16:00:00'), end=Timestamp('2024-06-16 17:00:00'))",culture,52
"Row(start=Timestamp('2024-06-16 16:00:00'), end=Timestamp('2024-06-16 17:00:00'))",argue,52
"Row(start=Timestamp('2024-06-16 16:00:00'), end=Timestamp('2024-06-16 17:00:00'))",note,52
"Row(start=Timestamp('2024-06-16 16:00:00'), end=Timestamp('2024-06-16 17:00:00'))",long,52
"Row(start=Timestamp('2024-06-16 16:00:00'), end=Timestamp('2024-06-16 17:00:00'))",right,52
"Row(start=Timestamp('2024-06-16 16:00:00'), end=Timestamp('2024-06-16 17:00:00'))",individual,51
"Row(start=Timestamp('2024-06-16 16:00:00'), end=Timestamp('2024-06-16 17:00:00'))",doctor,51
"Row(start=Timestamp('2024-06-16 16:00:00'), end=Timestamp('2024-06-16 17:00:00'))",push,51
"Row(start=Timestamp('2024-06-16 16:00:00'), end=Timestamp('2024-06-16 17:00:00'))",other,51
"Row(start=Timestamp('2024-06-16 16:00:00'), end=Timestamp('2024-06-16 17:00:00'))",early,51
"Row(start=Timestamp('2024-06-16 16:00:00'), end=Timestamp('2024-06-16 17:00:00'))",cut,50
"Row(start=Timestamp('2024-06-16 16:00:00'), end=Timestamp('2024-06-16 17:00:00'))",trip,50
"Row(start=Timestamp('2024-06-16 16:00:00'), end=Timestamp('2024-06-16 17:00:00'))",call,50
"Row(start=Timestamp('2024-06-16 16:00:00'), end=Timestamp('2024-06-16 17:00:00'))",soldier,50
"Row(start=Timestamp('2024-06-16 16:00:00'), end=Timestamp('2024-06-16 17:00:00'))",training,50
"Row(start=Timestamp('2024-06-16 16:00:00'), end=Timestamp('2024-06-16 17:00:00'))",all,50
"Row(start=Timestamp('2024-06-16 16:00:00'), end=Timestamp('2024-06-16 17:00:00'))",guy,49
"Row(start=Timestamp('2024-06-16 16:00:00'), end=Timestamp('2024-06-16 17:00:00'))",same,49
"Row(start=Timestamp('2024-06-16 16:00:00'), end=Timestamp('2024-06-16 17:00:00'))",so,49
"Row(start=Timestamp('2024-06-16 16:00:00'), end=Timestamp('2024-06-16 17:00:00'))",above,49
"Row(start=Timestamp('2024-06-16 16:00:00'), end=Timestamp('2024-06-16 17:00:00'))",store,49
"Row(start=Timestamp('2024-06-16 16:00:00'), end=Timestamp('2024-06-16 17:00:00'))",environmental,49
"Row(start=Timestamp('2024-06-16 16:00:00'), end=Timestamp('2024-06-16 17:00:00'))",reduce,49
"Row(start=Timestamp('2024-06-16 16:00:00'), end=Timestamp('2024-06-16 17:00:00'))",population,49
"Row(start=Timestamp('2024-06-16 16:00:00'), end=Timestamp('2024-06-16 17:00:00'))",record,49
"Row(start=Timestamp('2024-06-16 16:00:00'), end=Timestamp('2024-06-16 17:00:00'))",old,49
"Row(start=Timestamp('2024-06-16 16:00:00'), end=Timestamp('2024-06-16 17:00:00'))",perform,49
"Row(start=Timestamp('2024-06-16 16:00:00'), end=Timestamp('2024-06-16 17:00:00'))",character,48
"Row(start=Timestamp('2024-06-16 16:00:00'), end=Timestamp('2024-06-16 17:00:00'))",movement,48
"Row(start=Timestamp('2024-06-16 16:00:00'), end=Timestamp('2024-06-16 17:00:00'))",air,48
"Row(start=Timestamp('2024-06-16 16:00:00'), end=Timestamp('2024-06-16 17:00:00'))",improve,48
"Row(start=Timestamp('2024-06-16 16:00:00'), end=Timestamp('2024-06-16 17:00:00'))",seat,48
"Row(start=Timestamp('2024-06-16 16:00:00'), end=Timestamp('2024-06-16 17:00:00'))",else,48
"Row(start=Timestamp('2024-06-16 16:00:00'), end=Timestamp('2024-06-16 17:00:00'))",hour,48
"Row(start=Timestamp('2024-06-16 16:00:00'), end=Timestamp('2024-06-16 17:00:00'))",type,48
"Row(start=Timestamp('2024-06-16 16:00:00'), end=Timestamp('2024-06-16 17:00:00'))",local,48
"Row(start=Timestamp('2024-06-16 16:00:00'), end=Timestamp('2024-06-16 17:00:00'))",total,48
"Row(start=Timestamp('2024-06-16 16:00:00'), end=Timestamp('2024-06-16 17:00:00'))",but,48
"Row(start=Timestamp('2024-06-16 16:00:00'), end=Timestamp('2024-06-16 17:00:00'))",rich,48
"Row(start=Timestamp('2024-06-16 16:00:00'), end=Timestamp('2024-06-16 17:00:00'))",herself,47
"Row(start=Timestamp('2024-06-16 16:00:00'), end=Timestamp('2024-06-16 17:00:00'))",people,47
"Row(start=Timestamp('2024-06-16 16:00:00'), end=Timestamp('2024-06-16 17:00:00'))",one,47
"Row(start=Timestamp('2024-06-16 16:00:00'), end=Timestamp('2024-06-16 17:00:00'))",human,47
"Row(start=Timestamp('2024-06-16 16:00:00'), end=Timestamp('2024-06-16 17:00:00'))",nearly,46
"Row(start=Timestamp('2024-06-16 16:00:00'), end=Timestamp('2024-06-16 17:00:00'))",possible,46
"Row(start=Timestamp('2024-06-16 16:00:00'), end=Timestamp('2024-06-16 17:00:00'))",me,46
"Row(start=Timestamp('2024-06-16 16:00:00'), end=Timestamp('2024-06-16 17:00:00'))",stop,46
"Row(start=Timestamp('2024-06-16 16:00:00'), end=Timestamp('2024-06-16 17:00:00'))",instead,46
"Row(start=Timestamp('2024-06-16 16:00:00'), end=Timestamp('2024-06-16 17:00:00'))",model,46
"Row(start=Timestamp('2024-06-16 16:00:00'), end=Timestamp('2024-06-16 17:00:00'))",rise,46
"Row(start=Timestamp('2024-06-16 16:00:00'), end=Timestamp('2024-06-16 17:00:00'))",as,46
"Row(start=Timestamp('2024-06-16 16:00:00'), end=Timestamp('2024-06-16 17:00:00'))",social,46
"Row(start=Timestamp('2024-06-16 16:00:00'), end=Timestamp('2024-06-16 17:00:00'))",six,46
"Row(start=Timestamp('2024-06-16 16:00:00'), end=Timestamp('2024-06-16 17:00:00'))",check,46
"Row(start=Timestamp('2024-06-16 16:00:00'), end=Timestamp('2024-06-16 17:00:00'))",even,46
"Row(start=Timestamp('2024-06-16 16:00:00'), end=Timestamp('2024-06-16 17:00:00'))",game,46
"Row(start=Timestamp('2024-06-16 16:00:00'), end=Timestamp('2024-06-16 17:00:00'))",head,45
"Row(start=Timestamp('2024-06-16 16:00:00'), end=Timestamp('2024-06-16 17:00:00'))",upon,45
"Row(start=Timestamp('2024-06-16 16:00:00'), end=Timestamp('2024-06-16 17:00:00'))",seven,45
"Row(start=Timestamp('2024-06-16 16:00:00'), end=Timestamp('2024-06-16 17:00:00'))",painting,45
"Row(start=Timestamp('2024-06-16 16:00:00'), end=Timestamp('2024-06-16 17:00:00'))",hot,45
"Row(start=Timestamp('2024-06-16 16:00:00'), end=Timestamp('2024-06-16 17:00:00'))",better,45
"Row(start=Timestamp('2024-06-16 16:00:00'), end=Timestamp('2024-06-16 17:00:00'))",current,45
"Row(start=Timestamp('2024-06-16 16:00:00'), end=Timestamp('2024-06-16 17:00:00'))",maybe,45
"Row(start=Timestamp('2024-06-16 16:00:00'), end=Timestamp('2024-06-16 17:00:00'))",line,45
"Row(start=Timestamp('2024-06-16 16:00:00'), end=Timestamp('2024-06-16 17:00:00'))",fly,44
"Row(start=Timestamp('2024-06-16 16:00:00'), end=Timestamp('2024-06-16 17:00:00'))",worry,44
"Row(start=Timestamp('2024-06-16 16:00:00'), end=Timestamp('2024-06-16 17:00:00'))",very,44
"Row(start=Timestamp('2024-06-16 16:00:00'), end=Timestamp('2024-06-16 17:00:00'))",name,44
"Row(start=Timestamp('2024-06-16 16:00:00'), end=Timestamp('2024-06-16 17:00:00'))",eight,44
"Row(start=Timestamp('2024-06-16 16:00:00'), end=Timestamp('2024-06-16 17:00:00'))",collection,44
"Row(start=Timestamp('2024-06-16 16:00:00'), end=Timestamp('2024-06-16 17:00:00'))",sort,44
"Row(start=Timestamp('2024-06-16 16:00:00'), end=Timestamp('2024-06-16 17:00:00'))",policy,43
"Row(start=Timestamp('2024-06-16 16:00:00'), end=Timestamp('2024-06-16 17:00:00'))",cup,43
"Row(start=Timestamp('2024-06-16 16:00:00'), end=Timestamp('2024-06-16 17:00:00'))",discover,43
"Row(start=Timestamp('2024-06-16 16:00:00'), end=Timestamp('2024-06-16 17:00:00'))",land,43
"Row(start=Timestamp('2024-06-16 16:00:00'), end=Timestamp('2024-06-16 17:00:00'))",yet,43
"Row(start=Timestamp('2024-06-16 16:00:00'), end=Timestamp('2024-06-16 17:00:00'))",home,43
"Row(start=Timestamp('2024-06-16 16:00:00'), end=Timestamp('2024-06-16 17:00:00'))",clear,43
"Row(start=Timestamp('2024-06-16 16:00:00'), end=Timestamp('2024-06-16 17:00:00'))",her,42
"Row(start=Timestamp('2024-06-16 16:00:00'), end=Timestamp('2024-06-16 17:00:00'))",feeling,42
"Row(start=Timestamp('2024-06-16 16:00:00'), end=Timestamp('2024-06-16 17:00:00'))",modern,42
"Row(start=Timestamp('2024-06-16 16:00:00'), end=Timestamp('2024-06-16 17:00:00'))",dark,42
"Row(start=Timestamp('2024-06-16 16:00:00'), end=Timestamp('2024-06-16 17:00:00'))",a,42
"Row(start=Timestamp('2024-06-16 16:00:00'), end=Timestamp('2024-06-16 17:00:00'))",his,42
"Row(start=Timestamp('2024-06-16 16:00:00'), end=Timestamp('2024-06-16 17:00:00'))",kind,42
"Row(start=Timestamp('2024-06-16 16:00:00'), end=Timestamp('2024-06-16 17:00:00'))",third,42
"Row(start=Timestamp('2024-06-16 16:00:00'), end=Timestamp('2024-06-16 17:00:00'))",impact,42
"Row(start=Timestamp('2024-06-16 16:00:00'), end=Timestamp('2024-06-16 17:00:00'))",occur,42
"Row(start=Timestamp('2024-06-16 16:00:00'), end=Timestamp('2024-06-16 17:00:00'))",probably,42
"Row(start=Timestamp('2024-06-16 16:00:00'), end=Timestamp('2024-06-16 17:00:00'))",add,42
"Row(start=Timestamp('2024-06-16 16:00:00'), end=Timestamp('2024-06-16 17:00:00'))",fire,42
"Row(start=Timestamp('2024-06-16 16:00:00'), end=Timestamp('2024-06-16 17:00:00'))",once,41
"Row(start=Timestamp('2024-06-16 16:00:00'), end=Timestamp('2024-06-16 17:00:00'))",arm,41
"Row(start=Timestamp('2024-06-16 16:00:00'), end=Timestamp('2024-06-16 17:00:00'))",learn,41
"Row(start=Timestamp('2024-06-16 16:00:00'), end=Timestamp('2024-06-16 17:00:00'))",person,41
"Row(start=Timestamp('2024-06-16 16:00:00'), end=Timestamp('2024-06-16 17:00:00'))",no,41
"Row(start=Timestamp('2024-06-16 16:00:00'), end=Timestamp('2024-06-16 17:00:00'))",wide,41
"Row(start=Timestamp('2024-06-16 16:00:00'), end=Timestamp('2024-06-16 17:00:00'))",relate,41
"Row(start=Timestamp('2024-06-16 16:00:00'), end=Timestamp('2024-06-16 17:00:00'))",piece,41
"Row(start=Timestamp('2024-06-16 16:00:00'), end=Timestamp('2024-06-16 17:00:00'))",police,41
"Row(start=Timestamp('2024-06-16 16:00:00'), end=Timestamp('2024-06-16 17:00:00'))",white,41
"Row(start=Timestamp('2024-06-16 16:00:00'), end=Timestamp('2024-06-16 17:00:00'))",weight,41
"Row(start=Timestamp('2024-06-16 16:00:00'), end=Timestamp('2024-06-16 17:00:00'))",ground,41
"Row(start=Timestamp('2024-06-16 16:00:00'), end=Timestamp('2024-06-16 17:00:00'))",smile,41
"Row(start=Timestamp('2024-06-16 16:00:00'), end=Timestamp('2024-06-16 17:00:00'))",hundred,40
"Row(start=Timestamp('2024-06-16 16:00:00'), end=Timestamp('2024-06-16 17:00:00'))",involve,40
"Row(start=Timestamp('2024-06-16 16:00:00'), end=Timestamp('2024-06-16 17:00:00'))",star,40
"Row(start=Timestamp('2024-06-16 16:00:00'), end=Timestamp('2024-06-16 17:00:00'))",girl,40
"Row(start=Timestamp('2024-06-16 16:00:00'), end=Timestamp('2024-06-16 17:00:00'))",natural,40
"Row(start=Timestamp('2024-06-16 16:00:00'), end=Timestamp('2024-06-16 17:00:00'))",find,40
"Row(start=Timestamp('2024-06-16 16:00:00'), end=Timestamp('2024-06-16 17:00:00'))",half,40
"Row(start=Timestamp('2024-06-16 16:00:00'), end=Timestamp('2024-06-16 17:00:00'))",participant,40
"Row(start=Timestamp('2024-06-16 16:00:00'), end=Timestamp('2024-06-16 17:00:00'))",economy,40
"Row(start=Timestamp('2024-06-16 16:00:00'), end=Timestamp('2024-06-16 17:00:00'))",research,40
"Row(start=Timestamp('2024-06-16 16:00:00'), end=Timestamp('2024-06-16 17:00:00'))",story,39
"Row(start=Timestamp('2024-06-16 16:00:00'), end=Timestamp('2024-06-16 17:00:00'))",suddenly,39
"Row(start=Timestamp('2024-06-16 16:00:00'), end=Timestamp('2024-06-16 17:00:00'))",present,39
"Row(start=Timestamp('2024-06-16 16:00:00'), end=Timestamp('2024-06-16 17:00:00'))",never,39
"Row(start=Timestamp('2024-06-16 16:00:00'), end=Timestamp('2024-06-16 17:00:00'))",state,39
"Row(start=Timestamp('2024-06-16 16:00:00'), end=Timestamp('2024-06-16 17:00:00'))",tend,39
"Row(start=Timestamp('2024-06-16 16:00:00'), end=Timestamp('2024-06-16 17:00:00'))",ten,39
"Row(start=Timestamp('2024-06-16 16:00:00'), end=Timestamp('2024-06-16 17:00:00'))",mission,39
"Row(start=Timestamp('2024-06-16 16:00:00'), end=Timestamp('2024-06-16 17:00:00'))",condition,39
"Row(start=Timestamp('2024-06-16 16:00:00'), end=Timestamp('2024-06-16 17:00:00'))",happen,39
"Row(start=Timestamp('2024-06-16 16:00:00'), end=Timestamp('2024-06-16 17:00:00'))",bring,39
"Row(start=Timestamp('2024-06-16 16:00:00'), end=Timestamp('2024-06-16 17:00:00'))",president,39
"Row(start=Timestamp('2024-06-16 16:00:00'), end=Timestamp('2024-06-16 17:00:00'))",much,39
"Row(start=Timestamp('2024-06-16 16:00:00'), end=Timestamp('2024-06-16 17:00:00'))",adult,39
"Row(start=Timestamp('2024-06-16 16:00:00'), end=Timestamp('2024-06-16 17:00:00'))",inside,38
"Row(start=Timestamp('2024-06-16 16:00:00'), end=Timestamp('2024-06-16 17:00:00'))",crime,38
"Row(start=Timestamp('2024-06-16 16:00:00'), end=Timestamp('2024-06-16 17:00:00'))",financial,38
"Row(start=Timestamp('2024-06-16 16:00:00'), end=Timestamp('2024-06-16 17:00:00'))",imagine,38
"Row(start=Timestamp('2024-06-16 16:00:00'), end=Timestamp('2024-06-16 17:00:00'))",many,38
"Row(start=Timestamp('2024-06-16 16:00:00'), end=Timestamp('2024-06-16 17:00:00'))",suggest,38
"Row(start=Timestamp('2024-06-16 16:00:00'), end=Timestamp('2024-06-16 17:00:00'))",certainly,38
"Row(start=Timestamp('2024-06-16 16:00:00'), end=Timestamp('2024-06-16 17:00:00'))",television,38
"Row(start=Timestamp('2024-06-16 16:00:00'), end=Timestamp('2024-06-16 17:00:00'))",fall,38
"Row(start=Timestamp('2024-06-16 16:00:00'), end=Timestamp('2024-06-16 17:00:00'))",approach,38
"Row(start=Timestamp('2024-06-16 16:00:00'), end=Timestamp('2024-06-16 17:00:00'))",not,38
"Row(start=Timestamp('2024-06-16 16:00:00'), end=Timestamp('2024-06-16 17:00:00'))",while,38
"Row(start=Timestamp('2024-06-16 16:00:00'), end=Timestamp('2024-06-16 17:00:00'))",receive,38
"Row(start=Timestamp('2024-06-16 16:00:00'), end=Timestamp('2024-06-16 17:00:00'))",sell,38
"Row(start=Timestamp('2024-06-16 16:00:00'), end=Timestamp('2024-06-16 17:00:00'))",personal,37
"Row(start=Timestamp('2024-06-16 16:00:00'), end=Timestamp('2024-06-16 17:00:00'))",hear,37
"Row(start=Timestamp('2024-06-16 16:00:00'), end=Timestamp('2024-06-16 17:00:00'))",its,37
"Row(start=Timestamp('2024-06-16 16:00:00'), end=Timestamp('2024-06-16 17:00:00'))",next,37
"Row(start=Timestamp('2024-06-16 16:00:00'), end=Timestamp('2024-06-16 17:00:00'))",us,37
"Row(start=Timestamp('2024-06-16 16:00:00'), end=Timestamp('2024-06-16 17:00:00'))",that,37
"Row(start=Timestamp('2024-06-16 16:00:00'), end=Timestamp('2024-06-16 17:00:00'))",itself,37
"Row(start=Timestamp('2024-06-16 16:00:00'), end=Timestamp('2024-06-16 17:00:00'))",forward,37
"Row(start=Timestamp('2024-06-16 16:00:00'), end=Timestamp('2024-06-16 17:00:00'))",eye,36
"Row(start=Timestamp('2024-06-16 16:00:00'), end=Timestamp('2024-06-16 17:00:00'))",clearly,36
"Row(start=Timestamp('2024-06-16 16:00:00'), end=Timestamp('2024-06-16 17:00:00'))",realize,36
"Row(start=Timestamp('2024-06-16 16:00:00'), end=Timestamp('2024-06-16 17:00:00'))",attorney,36
"Row(start=Timestamp('2024-06-16 16:00:00'), end=Timestamp('2024-06-16 17:00:00'))",describe,36
"Row(start=Timestamp('2024-06-16 16:00:00'), end=Timestamp('2024-06-16 17:00:00'))",newspaper,36
"Row(start=Timestamp('2024-06-16 16:00:00'), end=Timestamp('2024-06-16 17:00:00'))",everybody,36
"Row(start=Timestamp('2024-06-16 16:00:00'), end=Timestamp('2024-06-16 17:00:00'))",discuss,36
"Row(start=Timestamp('2024-06-16 16:00:00'), end=Timestamp('2024-06-16 17:00:00'))",board,36
"Row(start=Timestamp('2024-06-16 16:00:00'), end=Timestamp('2024-06-16 17:00:00'))",product,36
"Row(start=Timestamp('2024-06-16 16:00:00'), end=Timestamp('2024-06-16 17:00:00'))",billion,36
"Row(start=Timestamp('2024-06-16 16:00:00'), end=Timestamp('2024-06-16 17:00:00'))",time,36
"Row(start=Timestamp('2024-06-16 16:00:00'), end=Timestamp('2024-06-16 17:00:00'))",usually,36
"Row(start=Timestamp('2024-06-16 16:00:00'), end=Timestamp('2024-06-16 17:00:00'))",event,36
"Row(start=Timestamp('2024-06-16 16:00:00'), end=Timestamp('2024-06-16 17:00:00'))",lot,36
"Row(start=Timestamp('2024-06-16 16:00:00'), end=Timestamp('2024-06-16 17:00:00'))",now,36
"Row(start=Timestamp('2024-06-16 16:00:00'), end=Timestamp('2024-06-16 17:00:00'))",run,35
"Row(start=Timestamp('2024-06-16 16:00:00'), end=Timestamp('2024-06-16 17:00:00'))",away,35
"Row(start=Timestamp('2024-06-16 16:00:00'), end=Timestamp('2024-06-16 17:00:00'))",area,35
"Row(start=Timestamp('2024-06-16 16:00:00'), end=Timestamp('2024-06-16 17:00:00'))",standard,35
"Row(start=Timestamp('2024-06-16 16:00:00'), end=Timestamp('2024-06-16 17:00:00'))",drug,35
"Row(start=Timestamp('2024-06-16 16:00:00'), end=Timestamp('2024-06-16 17:00:00'))",leg,35
"Row(start=Timestamp('2024-06-16 16:00:00'), end=Timestamp('2024-06-16 17:00:00'))",traditional,35
"Row(start=Timestamp('2024-06-16 16:00:00'), end=Timestamp('2024-06-16 17:00:00'))",reach,35
"Row(start=Timestamp('2024-06-16 16:00:00'), end=Timestamp('2024-06-16 17:00:00'))",medical,35
"Row(start=Timestamp('2024-06-16 16:00:00'), end=Timestamp('2024-06-16 17:00:00'))",nature,35
"Row(start=Timestamp('2024-06-16 16:00:00'), end=Timestamp('2024-06-16 17:00:00'))",might,34
"Row(start=Timestamp('2024-06-16 16:00:00'), end=Timestamp('2024-06-16 17:00:00'))",control,34
"Row(start=Timestamp('2024-06-16 16:00:00'), end=Timestamp('2024-06-16 17:00:00'))",carry,34
"Row(start=Timestamp('2024-06-16 16:00:00'), end=Timestamp('2024-06-16 17:00:00'))",feel,34
"Row(start=Timestamp('2024-06-16 16:00:00'), end=Timestamp('2024-06-16 17:00:00'))",himself,34
"Row(start=Timestamp('2024-06-16 16:00:00'), end=Timestamp('2024-06-16 17:00:00'))",material,34
"Row(start=Timestamp('2024-06-16 16:00:00'), end=Timestamp('2024-06-16 17:00:00'))",consumer,34
"Row(start=Timestamp('2024-06-16 16:00:00'), end=Timestamp('2024-06-16 17:00:00'))",visit,34
"Row(start=Timestamp('2024-06-16 16:00:00'), end=Timestamp('2024-06-16 17:00:00'))",main,34
"Row(start=Timestamp('2024-06-16 16:00:00'), end=Timestamp('2024-06-16 17:00:00'))",beat,34
"Row(start=Timestamp('2024-06-16 16:00:00'), end=Timestamp('2024-06-16 17:00:00'))",enough,34
"Row(start=Timestamp('2024-06-16 16:00:00'), end=Timestamp('2024-06-16 17:00:00'))",system,34
"Row(start=Timestamp('2024-06-16 16:00:00'), end=Timestamp('2024-06-16 17:00:00'))",boy,34
"Row(start=Timestamp('2024-06-16 16:00:00'), end=Timestamp('2024-06-16 17:00:00'))",dinner,34
"Row(start=Timestamp('2024-06-16 16:00:00'), end=Timestamp('2024-06-16 17:00:00'))",region,34
"Row(start=Timestamp('2024-06-16 16:00:00'), end=Timestamp('2024-06-16 17:00:00'))",everyone,34
"Row(start=Timestamp('2024-06-16 16:00:00'), end=Timestamp('2024-06-16 17:00:00'))",side,34
"Row(start=Timestamp('2024-06-16 16:00:00'), end=Timestamp('2024-06-16 17:00:00'))",success,34
"Row(start=Timestamp('2024-06-16 16:00:00'), end=Timestamp('2024-06-16 17:00:00'))",suffer,34
"Row(start=Timestamp('2024-06-16 16:00:00'), end=Timestamp('2024-06-16 17:00:00'))",despite,33
"Row(start=Timestamp('2024-06-16 16:00:00'), end=Timestamp('2024-06-16 17:00:00'))",explain,33
"Row(start=Timestamp('2024-06-16 16:00:00'), end=Timestamp('2024-06-16 17:00:00'))",serious,33
"Row(start=Timestamp('2024-06-16 16:00:00'), end=Timestamp('2024-06-16 17:00:00'))",car,33
"Row(start=Timestamp('2024-06-16 16:00:00'), end=Timestamp('2024-06-16 17:00:00'))",position,33
"Row(start=Timestamp('2024-06-16 16:00:00'), end=Timestamp('2024-06-16 17:00:00'))",result,33
"Row(start=Timestamp('2024-06-16 16:00:00'), end=Timestamp('2024-06-16 17:00:00'))",forget,33
"Row(start=Timestamp('2024-06-16 16:00:00'), end=Timestamp('2024-06-16 17:00:00'))",thank,33
"Row(start=Timestamp('2024-06-16 16:00:00'), end=Timestamp('2024-06-16 17:00:00'))",wall,33
"Row(start=Timestamp('2024-06-16 16:00:00'), end=Timestamp('2024-06-16 17:00:00'))",purpose,33
"Row(start=Timestamp('2024-06-16 16:00:00'), end=Timestamp('2024-06-16 17:00:00'))",hair,33
"Row(start=Timestamp('2024-06-16 16:00:00'), end=Timestamp('2024-06-16 17:00:00'))",society,33
"Row(start=Timestamp('2024-06-16 16:00:00'), end=Timestamp('2024-06-16 17:00:00'))",him,33
"Row(start=Timestamp('2024-06-16 16:00:00'), end=Timestamp('2024-06-16 17:00:00'))",whom,33
"Row(start=Timestamp('2024-06-16 16:00:00'), end=Timestamp('2024-06-16 17:00:00'))",professor,33
"Row(start=Timestamp('2024-06-16 16:00:00'), end=Timestamp('2024-06-16 17:00:00'))",almost,33
"Row(start=Timestamp('2024-06-16 16:00:00'), end=Timestamp('2024-06-16 17:00:00'))",camera,32
"Row(start=Timestamp('2024-06-16 16:00:00'), end=Timestamp('2024-06-16 17:00:00'))",south,32
"Row(start=Timestamp('2024-06-16 16:00:00'), end=Timestamp('2024-06-16 17:00:00'))",structure,32
"Row(start=Timestamp('2024-06-16 16:00:00'), end=Timestamp('2024-06-16 17:00:00'))",song,32
"Row(start=Timestamp('2024-06-16 16:00:00'), end=Timestamp('2024-06-16 17:00:00'))",tough,32
"Row(start=Timestamp('2024-06-16 16:00:00'), end=Timestamp('2024-06-16 17:00:00'))",music,32
"Row(start=Timestamp('2024-06-16 16:00:00'), end=Timestamp('2024-06-16 17:00:00'))",value,32
"Row(start=Timestamp('2024-06-16 16:00:00'), end=Timestamp('2024-06-16 17:00:00'))",food,32
"Row(start=Timestamp('2024-06-16 16:00:00'), end=Timestamp('2024-06-16 17:00:00'))",near,32
"Row(start=Timestamp('2024-06-16 16:00:00'), end=Timestamp('2024-06-16 17:00:00'))",election,32
"Row(start=Timestamp('2024-06-16 16:00:00'), end=Timestamp('2024-06-16 17:00:00'))",before,32
"Row(start=Timestamp('2024-06-16 16:00:00'), end=Timestamp('2024-06-16 17:00:00'))",watch,32
"Row(start=Timestamp('2024-06-16 16:00:00'), end=Timestamp('2024-06-16 17:00:00'))",too,31
"Row(start=Timestamp('2024-06-16 16:00:00'), end=Timestamp('2024-06-16 17:00:00'))",artist,31
"Row(start=Timestamp('2024-06-16 16:00:00'), end=Timestamp('2024-06-16 17:00:00'))",candidate,31
"Row(start=Timestamp('2024-06-16 16:00:00'), end=Timestamp('2024-06-16 17:00:00'))",attention,31
"Row(start=Timestamp('2024-06-16 16:00:00'), end=Timestamp('2024-06-16 17:00:00'))",try,31
"Row(start=Timestamp('2024-06-16 16:00:00'), end=Timestamp('2024-06-16 17:00:00'))",appear,31
"Row(start=Timestamp('2024-06-16 16:00:00'), end=Timestamp('2024-06-16 17:00:00'))",wish,31
"Row(start=Timestamp('2024-06-16 16:00:00'), end=Timestamp('2024-06-16 17:00:00'))",care,31
"Row(start=Timestamp('2024-06-16 16:00:00'), end=Timestamp('2024-06-16 17:00:00'))",owner,31
"Row(start=Timestamp('2024-06-16 16:00:00'), end=Timestamp('2024-06-16 17:00:00'))",trade,31
"Row(start=Timestamp('2024-06-16 16:00:00'), end=Timestamp('2024-06-16 17:00:00'))",around,31
"Row(start=Timestamp('2024-06-16 16:00:00'), end=Timestamp('2024-06-16 17:00:00'))",hope,31
"Row(start=Timestamp('2024-06-16 16:00:00'), end=Timestamp('2024-06-16 17:00:00'))",per,31
"Row(start=Timestamp('2024-06-16 16:00:00'), end=Timestamp('2024-06-16 17:00:00'))",century,31
"Row(start=Timestamp('2024-06-16 16:00:00'), end=Timestamp('2024-06-16 17:00:00'))",entire,31
"Row(start=Timestamp('2024-06-16 16:00:00'), end=Timestamp('2024-06-16 17:00:00'))",ago,31
"Row(start=Timestamp('2024-06-16 16:00:00'), end=Timestamp('2024-06-16 17:00:00'))",arrive,30
"Row(start=Timestamp('2024-06-16 16:00:00'), end=Timestamp('2024-06-16 17:00:00'))",window,30
"Row(start=Timestamp('2024-06-16 16:00:00'), end=Timestamp('2024-06-16 17:00:00'))",project,30
"Row(start=Timestamp('2024-06-16 16:00:00'), end=Timestamp('2024-06-16 17:00:00'))",common,30
"Row(start=Timestamp('2024-06-16 16:00:00'), end=Timestamp('2024-06-16 17:00:00'))",fear,30
"Row(start=Timestamp('2024-06-16 16:00:00'), end=Timestamp('2024-06-16 17:00:00'))",along,30
"Row(start=Timestamp('2024-06-16 16:00:00'), end=Timestamp('2024-06-16 17:00:00'))",action,30
"Row(start=Timestamp('2024-06-16 16:00:00'), end=Timestamp('2024-06-16 17:00:00'))",job,30
"Row(start=Timestamp('2024-06-16 16:00:00'), end=Timestamp('2024-06-16 17:00:00'))",term,30
"Row(start=Timestamp('2024-06-16 16:00:00'), end=Timestamp('2024-06-16 17:00:00'))",ask,30
"Row(start=Timestamp('2024-06-16 16:00:00'), end=Timestamp('2024-06-16 17:00:00'))",factor,30
"Row(start=Timestamp('2024-06-16 16:00:00'), end=Timestamp('2024-06-16 17:00:00'))",middle,30
"Row(start=Timestamp('2024-06-16 16:00:00'), end=Timestamp('2024-06-16 17:00:00'))",admit,30
"Row(start=Timestamp('2024-06-16 16:00:00'), end=Timestamp('2024-06-16 17:00:00'))",east,30
"Row(start=Timestamp('2024-06-16 16:00:00'), end=Timestamp('2024-06-16 17:00:00'))",require,30
"Row(start=Timestamp('2024-06-16 16:00:00'), end=Timestamp('2024-06-16 17:00:00'))",free,30
"Row(start=Timestamp('2024-06-16 16:00:00'), end=Timestamp('2024-06-16 17:00:00'))",wait,30
"Row(start=Timestamp('2024-06-16 16:00:00'), end=Timestamp('2024-06-16 17:00:00'))",stand,30
"Row(start=Timestamp('2024-06-16 16:00:00'), end=Timestamp('2024-06-16 17:00:00'))",shoulder,30
"Row(start=Timestamp('2024-06-16 16:00:00'), end=Timestamp('2024-06-16 17:00:00'))",kitchen,29
"Row(start=Timestamp('2024-06-16 16:00:00'), end=Timestamp('2024-06-16 17:00:00'))",myself,29
"Row(start=Timestamp('2024-06-16 16:00:00'), end=Timestamp('2024-06-16 17:00:00'))",deal,29
"Row(start=Timestamp('2024-06-16 16:00:00'), end=Timestamp('2024-06-16 17:00:00'))",everything,29
"Row(start=Timestamp('2024-06-16 16:00:00'), end=Timestamp('2024-06-16 17:00:00'))",whose,29
"Row(start=Timestamp('2024-06-16 16:00:00'), end=Timestamp('2024-06-16 17:00:00'))",likely,29
"Row(start=Timestamp('2024-06-16 16:00:00'), end=Timestamp('2024-06-16 17:00:00'))",cause,29
"Row(start=Timestamp('2024-06-16 16:00:00'), end=Timestamp('2024-06-16 17:00:00'))",out,29
"Row(start=Timestamp('2024-06-16 16:00:00'), end=Timestamp('2024-06-16 17:00:00'))",pay,29
"Row(start=Timestamp('2024-06-16 16:00:00'), end=Timestamp('2024-06-16 17:00:00'))",development,29
"Row(start=Timestamp('2024-06-16 16:00:00'), end=Timestamp('2024-06-16 17:00:00'))",tax,29
"Row(start=Timestamp('2024-06-16 16:00:00'), end=Timestamp('2024-06-16 17:00:00'))",few,29
"Row(start=Timestamp('2024-06-16 16:00:00'), end=Timestamp('2024-06-16 17:00:00'))",loss,29
"Row(start=Timestamp('2024-06-16 16:00:00'), end=Timestamp('2024-06-16 17:00:00'))",thought,28
"Row(start=Timestamp('2024-06-16 16:00:00'), end=Timestamp('2024-06-16 17:00:00'))",become,28
"Row(start=Timestamp('2024-06-16 16:00:00'), end=Timestamp('2024-06-16 17:00:00'))",former,28
"Row(start=Timestamp('2024-06-16 16:00:00'), end=Timestamp('2024-06-16 17:00:00'))",professional,28
"Row(start=Timestamp('2024-06-16 16:00:00'), end=Timestamp('2024-06-16 17:00:00'))",within,28
"Row(start=Timestamp('2024-06-16 16:00:00'), end=Timestamp('2024-06-16 17:00:00'))",down,28
"Row(start=Timestamp('2024-06-16 16:00:00'), end=Timestamp('2024-06-16 17:00:00'))",education,28
"Row(start=Timestamp('2024-06-16 16:00:00'), end=Timestamp('2024-06-16 17:00:00'))",statement,28
"Row(start=Timestamp('2024-06-16 16:00:00'), end=Timestamp('2024-06-16 17:00:00'))",into,28
"Row(start=Timestamp('2024-06-16 16:00:00'), end=Timestamp('2024-06-16 17:00:00'))",civil,28
"Row(start=Timestamp('2024-06-16 16:00:00'), end=Timestamp('2024-06-16 17:00:00'))",she,28
"Row(start=Timestamp('2024-06-16 16:00:00'), end=Timestamp('2024-06-16 17:00:00'))",sea,28
"Row(start=Timestamp('2024-06-16 16:00:00'), end=Timestamp('2024-06-16 17:00:00'))",money,28
"Row(start=Timestamp('2024-06-16 16:00:00'), end=Timestamp('2024-06-16 17:00:00'))",opportunity,28
"Row(start=Timestamp('2024-06-16 16:00:00'), end=Timestamp('2024-06-16 17:00:00'))",letter,28
"Row(start=Timestamp('2024-06-16 16:00:00'), end=Timestamp('2024-06-16 17:00:00'))",sense,28
"Row(start=Timestamp('2024-06-16 16:00:00'), end=Timestamp('2024-06-16 17:00:00'))",for,28
"Row(start=Timestamp('2024-06-16 16:00:00'), end=Timestamp('2024-06-16 17:00:00'))",institution,28
"Row(start=Timestamp('2024-06-16 16:00:00'), end=Timestamp('2024-06-16 17:00:00'))",interesting,28
"Row(start=Timestamp('2024-06-16 16:00:00'), end=Timestamp('2024-06-16 17:00:00'))",help,28
"Row(start=Timestamp('2024-06-16 16:00:00'), end=Timestamp('2024-06-16 17:00:00'))",sound,28
"Row(start=Timestamp('2024-06-16 16:00:00'), end=Timestamp('2024-06-16 17:00:00'))",debate,28
"Row(start=Timestamp('2024-06-16 16:00:00'), end=Timestamp('2024-06-16 17:00:00'))",particularly,28
"Row(start=Timestamp('2024-06-16 16:00:00'), end=Timestamp('2024-06-16 17:00:00'))",successful,28
"Row(start=Timestamp('2024-06-16 16:00:00'), end=Timestamp('2024-06-16 17:00:00'))",my,28
"Row(start=Timestamp('2024-06-16 16:00:00'), end=Timestamp('2024-06-16 17:00:00'))",today,27
"Row(start=Timestamp('2024-06-16 16:00:00'), end=Timestamp('2024-06-16 17:00:00'))",need,27
"Row(start=Timestamp('2024-06-16 16:00:00'), end=Timestamp('2024-06-16 17:00:00'))",service,27
"Row(start=Timestamp('2024-06-16 16:00:00'), end=Timestamp('2024-06-16 17:00:00'))",list,27
"Row(start=Timestamp('2024-06-16 16:00:00'), end=Timestamp('2024-06-16 17:00:00'))",why,27
"Row(start=Timestamp('2024-06-16 16:00:00'), end=Timestamp('2024-06-16 17:00:00'))",up,27
"Row(start=Timestamp('2024-06-16 16:00:00'), end=Timestamp('2024-06-16 17:00:00'))",trouble,27
"Row(start=Timestamp('2024-06-16 16:00:00'), end=Timestamp('2024-06-16 17:00:00'))",response,27
"Row(start=Timestamp('2024-06-16 16:00:00'), end=Timestamp('2024-06-16 17:00:00'))",ahead,26
"Row(start=Timestamp('2024-06-16 16:00:00'), end=Timestamp('2024-06-16 17:00:00'))",bit,26
"Row(start=Timestamp('2024-06-16 16:00:00'), end=Timestamp('2024-06-16 17:00:00'))",fund,26
"Row(start=Timestamp('2024-06-16 16:00:00'), end=Timestamp('2024-06-16 17:00:00'))",rather,26
"Row(start=Timestamp('2024-06-16 16:00:00'), end=Timestamp('2024-06-16 17:00:00'))",image,26
"Row(start=Timestamp('2024-06-16 16:00:00'), end=Timestamp('2024-06-16 17:00:00'))",film,26
"Row(start=Timestamp('2024-06-16 16:00:00'), end=Timestamp('2024-06-16 17:00:00'))",nor,26
"Row(start=Timestamp('2024-06-16 16:00:00'), end=Timestamp('2024-06-16 17:00:00'))",address,26
"Row(start=Timestamp('2024-06-16 16:00:00'), end=Timestamp('2024-06-16 17:00:00'))",commercial,26
"Row(start=Timestamp('2024-06-16 16:00:00'), end=Timestamp('2024-06-16 17:00:00'))",cultural,26
"Row(start=Timestamp('2024-06-16 16:00:00'), end=Timestamp('2024-06-16 17:00:00'))",Republican,26
"Row(start=Timestamp('2024-06-16 16:00:00'), end=Timestamp('2024-06-16 17:00:00'))",resource,26
"Row(start=Timestamp('2024-06-16 16:00:00'), end=Timestamp('2024-06-16 17:00:00'))",close,26
"Row(start=Timestamp('2024-06-16 16:00:00'), end=Timestamp('2024-06-16 17:00:00'))",data,26
"Row(start=Timestamp('2024-06-16 16:00:00'), end=Timestamp('2024-06-16 17:00:00'))",center,26
"Row(start=Timestamp('2024-06-16 16:00:00'), end=Timestamp('2024-06-16 17:00:00'))",establish,26
"Row(start=Timestamp('2024-06-16 16:00:00'), end=Timestamp('2024-06-16 17:00:00'))",force,26
"Row(start=Timestamp('2024-06-16 16:00:00'), end=Timestamp('2024-06-16 17:00:00'))",city,25
"Row(start=Timestamp('2024-06-16 16:00:00'), end=Timestamp('2024-06-16 17:00:00'))",blood,25
"Row(start=Timestamp('2024-06-16 16:00:00'), end=Timestamp('2024-06-16 17:00:00'))",understand,25
"Row(start=Timestamp('2024-06-16 16:00:00'), end=Timestamp('2024-06-16 17:00:00'))",future,25
"Row(start=Timestamp('2024-06-16 16:00:00'), end=Timestamp('2024-06-16 17:00:00'))",message,25
"Row(start=Timestamp('2024-06-16 16:00:00'), end=Timestamp('2024-06-16 17:00:00'))",this,25
"Row(start=Timestamp('2024-06-16 16:00:00'), end=Timestamp('2024-06-16 17:00:00'))",though,25
"Row(start=Timestamp('2024-06-16 16:00:00'), end=Timestamp('2024-06-16 17:00:00'))",plant,25
"Row(start=Timestamp('2024-06-16 16:00:00'), end=Timestamp('2024-06-16 17:00:00'))",more,25
"Row(start=Timestamp('2024-06-16 16:00:00'), end=Timestamp('2024-06-16 17:00:00'))",north,25
"Row(start=Timestamp('2024-06-16 16:00:00'), end=Timestamp('2024-06-16 17:00:00'))",somebody,25
"Row(start=Timestamp('2024-06-16 16:00:00'), end=Timestamp('2024-06-16 17:00:00'))",accept,25
"Row(start=Timestamp('2024-06-16 16:00:00'), end=Timestamp('2024-06-16 17:00:00'))",safe,25
"Row(start=Timestamp('2024-06-16 16:00:00'), end=Timestamp('2024-06-16 17:00:00'))",without,25
"Row(start=Timestamp('2024-06-16 16:00:00'), end=Timestamp('2024-06-16 17:00:00'))",high,25
"Row(start=Timestamp('2024-06-16 16:00:00'), end=Timestamp('2024-06-16 17:00:00'))",go,25
"Row(start=Timestamp('2024-06-16 16:00:00'), end=Timestamp('2024-06-16 17:00:00'))",couple,25
"Row(start=Timestamp('2024-06-16 16:00:00'), end=Timestamp('2024-06-16 17:00:00'))",create,24
"Row(start=Timestamp('2024-06-16 16:00:00'), end=Timestamp('2024-06-16 17:00:00'))",quickly,24
"Row(start=Timestamp('2024-06-16 16:00:00'), end=Timestamp('2024-06-16 17:00:00'))",season,24
"Row(start=Timestamp('2024-06-16 16:00:00'), end=Timestamp('2024-06-16 17:00:00'))",significant,24
"Row(start=Timestamp('2024-06-16 16:00:00'), end=Timestamp('2024-06-16 17:00:00'))",perhaps,24
"Row(start=Timestamp('2024-06-16 16:00:00'), end=Timestamp('2024-06-16 17:00:00'))",technology,24
"Row(start=Timestamp('2024-06-16 16:00:00'), end=Timestamp('2024-06-16 17:00:00'))",number,24
"Row(start=Timestamp('2024-06-16 16:00:00'), end=Timestamp('2024-06-16 17:00:00'))",town,24
"Row(start=Timestamp('2024-06-16 16:00:00'), end=Timestamp('2024-06-16 17:00:00'))",our,24
"Row(start=Timestamp('2024-06-16 16:00:00'), end=Timestamp('2024-06-16 17:00:00'))",rule,24
"Row(start=Timestamp('2024-06-16 16:00:00'), end=Timestamp('2024-06-16 17:00:00'))",ball,24
"Row(start=Timestamp('2024-06-16 16:00:00'), end=Timestamp('2024-06-16 17:00:00'))",part,24
"Row(start=Timestamp('2024-06-16 16:00:00'), end=Timestamp('2024-06-16 17:00:00'))",nation,24
"Row(start=Timestamp('2024-06-16 16:00:00'), end=Timestamp('2024-06-16 17:00:00'))",skin,24
"Row(start=Timestamp('2024-06-16 16:00:00'), end=Timestamp('2024-06-16 17:00:00'))",wear,24
"Row(start=Timestamp('2024-06-16 16:00:00'), end=Timestamp('2024-06-16 17:00:00'))",from,24
"Row(start=Timestamp('2024-06-16 16:00:00'), end=Timestamp('2024-06-16 17:00:00'))",management,24
"Row(start=Timestamp('2024-06-16 16:00:00'), end=Timestamp('2024-06-16 17:00:00'))",reveal,24
"Row(start=Timestamp('2024-06-16 16:00:00'), end=Timestamp('2024-06-16 17:00:00'))",expert,24
"Row(start=Timestamp('2024-06-16 16:00:00'), end=Timestamp('2024-06-16 17:00:00'))",night,24
"Row(start=Timestamp('2024-06-16 16:00:00'), end=Timestamp('2024-06-16 17:00:00'))",finally,24
"Row(start=Timestamp('2024-06-16 16:00:00'), end=Timestamp('2024-06-16 17:00:00'))",drive,24
"Row(start=Timestamp('2024-06-16 16:00:00'), end=Timestamp('2024-06-16 17:00:00'))",in,24
"Row(start=Timestamp('2024-06-16 16:00:00'), end=Timestamp('2024-06-16 17:00:00'))",water,24
"Row(start=Timestamp('2024-06-16 16:00:00'), end=Timestamp('2024-06-16 17:00:00'))",place,23
"Row(start=Timestamp('2024-06-16 16:00:00'), end=Timestamp('2024-06-16 17:00:00'))",follow,23
"Row(start=Timestamp('2024-06-16 16:00:00'), end=Timestamp('2024-06-16 17:00:00'))",budget,23
"Row(start=Timestamp('2024-06-16 16:00:00'), end=Timestamp('2024-06-16 17:00:00'))",husband,23
"Row(start=Timestamp('2024-06-16 16:00:00'), end=Timestamp('2024-06-16 17:00:00'))",attack,23
"Row(start=Timestamp('2024-06-16 16:00:00'), end=Timestamp('2024-06-16 17:00:00'))",really,23
"Row(start=Timestamp('2024-06-16 16:00:00'), end=Timestamp('2024-06-16 17:00:00'))",have,23
"Row(start=Timestamp('2024-06-16 16:00:00'), end=Timestamp('2024-06-16 17:00:00'))",increase,23
"Row(start=Timestamp('2024-06-16 16:00:00'), end=Timestamp('2024-06-16 17:00:00'))",property,22
"Row(start=Timestamp('2024-06-16 16:00:00'), end=Timestamp('2024-06-16 17:00:00'))",bag,22
"Row(start=Timestamp('2024-06-16 16:00:00'), end=Timestamp('2024-06-16 17:00:00'))",bad,22
"Row(start=Timestamp('2024-06-16 16:00:00'), end=Timestamp('2024-06-16 17:00:00'))",positive,22
"Row(start=Timestamp('2024-06-16 16:00:00'), end=Timestamp('2024-06-16 17:00:00'))",also,22
"Row(start=Timestamp('2024-06-16 16:00:00'), end=Timestamp('2024-06-16 17:00:00'))",federal,22
"Row(start=Timestamp('2024-06-16 16:00:00'), end=Timestamp('2024-06-16 17:00:00'))",allow,22
"Row(start=Timestamp('2024-06-16 16:00:00'), end=Timestamp('2024-06-16 17:00:00'))",born,22
"Row(start=Timestamp('2024-06-16 16:00:00'), end=Timestamp('2024-06-16 17:00:00'))",organization,22
"Row(start=Timestamp('2024-06-16 16:00:00'), end=Timestamp('2024-06-16 17:00:00'))",performance,22
"Row(start=Timestamp('2024-06-16 16:00:00'), end=Timestamp('2024-06-16 17:00:00'))",last,22
"Row(start=Timestamp('2024-06-16 16:00:00'), end=Timestamp('2024-06-16 17:00:00'))",evidence,22
"Row(start=Timestamp('2024-06-16 16:00:00'), end=Timestamp('2024-06-16 17:00:00'))",company,22
"Row(start=Timestamp('2024-06-16 16:00:00'), end=Timestamp('2024-06-16 17:00:00'))",listen,22
"Row(start=Timestamp('2024-06-16 16:00:00'), end=Timestamp('2024-06-16 17:00:00'))",body,22
"Row(start=Timestamp('2024-06-16 16:00:00'), end=Timestamp('2024-06-16 17:00:00'))",level,22
"Row(start=Timestamp('2024-06-16 16:00:00'), end=Timestamp('2024-06-16 17:00:00'))",baby,22
"Row(start=Timestamp('2024-06-16 16:00:00'), end=Timestamp('2024-06-16 17:00:00'))",do,22
"Row(start=Timestamp('2024-06-16 16:00:00'), end=Timestamp('2024-06-16 17:00:00'))",law,22
"Row(start=Timestamp('2024-06-16 16:00:00'), end=Timestamp('2024-06-16 17:00:00'))",reality,22
"Row(start=Timestamp('2024-06-16 16:00:00'), end=Timestamp('2024-06-16 17:00:00'))",lay,22
"Row(start=Timestamp('2024-06-16 16:00:00'), end=Timestamp('2024-06-16 17:00:00'))",station,22
"Row(start=Timestamp('2024-06-16 16:00:00'), end=Timestamp('2024-06-16 17:00:00'))",affect,22
"Row(start=Timestamp('2024-06-16 16:00:00'), end=Timestamp('2024-06-16 17:00:00'))",themselves,22
"Row(start=Timestamp('2024-06-16 16:00:00'), end=Timestamp('2024-06-16 17:00:00'))",political,22
"Row(start=Timestamp('2024-06-16 16:00:00'), end=Timestamp('2024-06-16 17:00:00'))",idea,22
"Row(start=Timestamp('2024-06-16 16:00:00'), end=Timestamp('2024-06-16 17:00:00'))",study,22
"Row(start=Timestamp('2024-06-16 16:00:00'), end=Timestamp('2024-06-16 17:00:00'))",ever,22
"Row(start=Timestamp('2024-06-16 16:00:00'), end=Timestamp('2024-06-16 17:00:00'))",toward,22
"Row(start=Timestamp('2024-06-16 16:00:00'), end=Timestamp('2024-06-16 17:00:00'))",hard,22
"Row(start=Timestamp('2024-06-16 16:00:00'), end=Timestamp('2024-06-16 17:00:00'))",road,21
"Row(start=Timestamp('2024-06-16 16:00:00'), end=Timestamp('2024-06-16 17:00:00'))",each,21
"Row(start=Timestamp('2024-06-16 16:00:00'), end=Timestamp('2024-06-16 17:00:00'))",marriage,21
"Row(start=Timestamp('2024-06-16 16:00:00'), end=Timestamp('2024-06-16 17:00:00'))",beautiful,21
"Row(start=Timestamp('2024-06-16 16:00:00'), end=Timestamp('2024-06-16 17:00:00'))",first,21
"Row(start=Timestamp('2024-06-16 16:00:00'), end=Timestamp('2024-06-16 17:00:00'))",beyond,21
"Row(start=Timestamp('2024-06-16 16:00:00'), end=Timestamp('2024-06-16 17:00:00'))",worker,21
"Row(start=Timestamp('2024-06-16 16:00:00'), end=Timestamp('2024-06-16 17:00:00'))",paper,21
"Row(start=Timestamp('2024-06-16 16:00:00'), end=Timestamp('2024-06-16 17:00:00'))",meet,21
"Row(start=Timestamp('2024-06-16 16:00:00'), end=Timestamp('2024-06-16 17:00:00'))",drop,21
"Row(start=Timestamp('2024-06-16 16:00:00'), end=Timestamp('2024-06-16 17:00:00'))",industry,21
"Row(start=Timestamp('2024-06-16 16:00:00'), end=Timestamp('2024-06-16 17:00:00'))",build,21
"Row(start=Timestamp('2024-06-16 16:00:00'), end=Timestamp('2024-06-16 17:00:00'))",detail,21
"Row(start=Timestamp('2024-06-16 16:00:00'), end=Timestamp('2024-06-16 17:00:00'))",theory,20
"Row(start=Timestamp('2024-06-16 16:00:00'), end=Timestamp('2024-06-16 17:00:00'))",indicate,20
"Row(start=Timestamp('2024-06-16 16:00:00'), end=Timestamp('2024-06-16 17:00:00'))",whatever,20
"Row(start=Timestamp('2024-06-16 16:00:00'), end=Timestamp('2024-06-16 17:00:00'))",nothing,20
"Row(start=Timestamp('2024-06-16 16:00:00'), end=Timestamp('2024-06-16 17:00:00'))",memory,20
"Row(start=Timestamp('2024-06-16 16:00:00'), end=Timestamp('2024-06-16 17:00:00'))",decision,20
"Row(start=Timestamp('2024-06-16 16:00:00'), end=Timestamp('2024-06-16 17:00:00'))",break,20
"Row(start=Timestamp('2024-06-16 16:00:00'), end=Timestamp('2024-06-16 17:00:00'))",coach,20
"Row(start=Timestamp('2024-06-16 16:00:00'), end=Timestamp('2024-06-16 17:00:00'))",since,20
"Row(start=Timestamp('2024-06-16 16:00:00'), end=Timestamp('2024-06-16 17:00:00'))",represent,20
"Row(start=Timestamp('2024-06-16 16:00:00'), end=Timestamp('2024-06-16 17:00:00'))",charge,20
"Row(start=Timestamp('2024-06-16 16:00:00'), end=Timestamp('2024-06-16 17:00:00'))",ok,20
"Row(start=Timestamp('2024-06-16 16:00:00'), end=Timestamp('2024-06-16 17:00:00'))",notice,20
"Row(start=Timestamp('2024-06-16 16:00:00'), end=Timestamp('2024-06-16 17:00:00'))",then,20
"Row(start=Timestamp('2024-06-16 16:00:00'), end=Timestamp('2024-06-16 17:00:00'))",effort,20
"Row(start=Timestamp('2024-06-16 16:00:00'), end=Timestamp('2024-06-16 17:00:00'))",authority,20
"Row(start=Timestamp('2024-06-16 16:00:00'), end=Timestamp('2024-06-16 17:00:00'))",street,20
"Row(start=Timestamp('2024-06-16 16:00:00'), end=Timestamp('2024-06-16 17:00:00'))",wife,20
"Row(start=Timestamp('2024-06-16 16:00:00'), end=Timestamp('2024-06-16 17:00:00'))",section,20
"Row(start=Timestamp('2024-06-16 16:00:00'), end=Timestamp('2024-06-16 17:00:00'))",security,19
"Row(start=Timestamp('2024-06-16 16:00:00'), end=Timestamp('2024-06-16 17:00:00'))",anything,19
"Row(start=Timestamp('2024-06-16 16:00:00'), end=Timestamp('2024-06-16 17:00:00'))",thus,19
"Row(start=Timestamp('2024-06-16 16:00:00'), end=Timestamp('2024-06-16 17:00:00'))",hospital,19
"Row(start=Timestamp('2024-06-16 16:00:00'), end=Timestamp('2024-06-16 17:00:00'))",democratic,19
"Row(start=Timestamp('2024-06-16 16:00:00'), end=Timestamp('2024-06-16 17:00:00'))",important,19
"Row(start=Timestamp('2024-06-16 16:00:00'), end=Timestamp('2024-06-16 17:00:00'))",site,19
"Row(start=Timestamp('2024-06-16 16:00:00'), end=Timestamp('2024-06-16 17:00:00'))",compare,19
"Row(start=Timestamp('2024-06-16 16:00:00'), end=Timestamp('2024-06-16 17:00:00'))",activity,19
"Row(start=Timestamp('2024-06-16 16:00:00'), end=Timestamp('2024-06-16 17:00:00'))",strategy,19
"Row(start=Timestamp('2024-06-16 16:00:00'), end=Timestamp('2024-06-16 17:00:00'))",throw,19
"Row(start=Timestamp('2024-06-16 16:00:00'), end=Timestamp('2024-06-16 17:00:00'))",protect,19
"Row(start=Timestamp('2024-06-16 16:00:00'), end=Timestamp('2024-06-16 17:00:00'))",together,19
"Row(start=Timestamp('2024-06-16 16:00:00'), end=Timestamp('2024-06-16 17:00:00'))",task,19
"Row(start=Timestamp('2024-06-16 16:00:00'), end=Timestamp('2024-06-16 17:00:00'))",fast,19
"Row(start=Timestamp('2024-06-16 16:00:00'), end=Timestamp('2024-06-16 17:00:00'))",way,18
"Row(start=Timestamp('2024-06-16 16:00:00'), end=Timestamp('2024-06-16 17:00:00'))",pass,18
"Row(start=Timestamp('2024-06-16 16:00:00'), end=Timestamp('2024-06-16 17:00:00'))",style,18
"Row(start=Timestamp('2024-06-16 16:00:00'), end=Timestamp('2024-06-16 17:00:00'))",between,18
"Row(start=Timestamp('2024-06-16 16:00:00'), end=Timestamp('2024-06-16 17:00:00'))",bill,18
"Row(start=Timestamp('2024-06-16 16:00:00'), end=Timestamp('2024-06-16 17:00:00'))",hotel,18
"Row(start=Timestamp('2024-06-16 16:00:00'), end=Timestamp('2024-06-16 17:00:00'))",phone,18
"Row(start=Timestamp('2024-06-16 16:00:00'), end=Timestamp('2024-06-16 17:00:00'))",class,18
"Row(start=Timestamp('2024-06-16 16:00:00'), end=Timestamp('2024-06-16 17:00:00'))",history,18
"Row(start=Timestamp('2024-06-16 16:00:00'), end=Timestamp('2024-06-16 17:00:00'))",back,18
"Row(start=Timestamp('2024-06-16 16:00:00'), end=Timestamp('2024-06-16 17:00:00'))",customer,18
"Row(start=Timestamp('2024-06-16 16:00:00'), end=Timestamp('2024-06-16 17:00:00'))",just,18
"Row(start=Timestamp('2024-06-16 16:00:00'), end=Timestamp('2024-06-16 17:00:00'))",guess,18
"Row(start=Timestamp('2024-06-16 16:00:00'), end=Timestamp('2024-06-16 17:00:00'))",media,18
"Row(start=Timestamp('2024-06-16 16:00:00'), end=Timestamp('2024-06-16 17:00:00'))",maintain,18
"Row(start=Timestamp('2024-06-16 16:00:00'), end=Timestamp('2024-06-16 17:00:00'))",continue,18
"Row(start=Timestamp('2024-06-16 16:00:00'), end=Timestamp('2024-06-16 17:00:00'))",discussion,18
"Row(start=Timestamp('2024-06-16 16:00:00'), end=Timestamp('2024-06-16 17:00:00'))",space,18
"Row(start=Timestamp('2024-06-16 16:00:00'), end=Timestamp('2024-06-16 17:00:00'))",would,17
"Row(start=Timestamp('2024-06-16 16:00:00'), end=Timestamp('2024-06-16 17:00:00'))",movie,17
"Row(start=Timestamp('2024-06-16 16:00:00'), end=Timestamp('2024-06-16 17:00:00'))",wind,17
"Row(start=Timestamp('2024-06-16 16:00:00'), end=Timestamp('2024-06-16 17:00:00'))",agree,17
"Row(start=Timestamp('2024-06-16 16:00:00'), end=Timestamp('2024-06-16 17:00:00'))",particular,17
"Row(start=Timestamp('2024-06-16 16:00:00'), end=Timestamp('2024-06-16 17:00:00'))",relationship,17
"Row(start=Timestamp('2024-06-16 16:00:00'), end=Timestamp('2024-06-16 17:00:00'))",team,17
"Row(start=Timestamp('2024-06-16 16:00:00'), end=Timestamp('2024-06-16 17:00:00'))",avoid,17
"Row(start=Timestamp('2024-06-16 16:00:00'), end=Timestamp('2024-06-16 17:00:00'))",leave,17
"Row(start=Timestamp('2024-06-16 16:00:00'), end=Timestamp('2024-06-16 17:00:00'))",experience,17
"Row(start=Timestamp('2024-06-16 16:00:00'), end=Timestamp('2024-06-16 17:00:00'))",any,17
"Row(start=Timestamp('2024-06-16 16:00:00'), end=Timestamp('2024-06-16 17:00:00'))",size,17
"Row(start=Timestamp('2024-06-16 16:00:00'), end=Timestamp('2024-06-16 17:00:00'))",measure,17
"Row(start=Timestamp('2024-06-16 16:00:00'), end=Timestamp('2024-06-16 17:00:00'))",anyone,17
"Row(start=Timestamp('2024-06-16 16:00:00'), end=Timestamp('2024-06-16 17:00:00'))",information,16
"Row(start=Timestamp('2024-06-16 16:00:00'), end=Timestamp('2024-06-16 17:00:00'))",under,16
"Row(start=Timestamp('2024-06-16 16:00:00'), end=Timestamp('2024-06-16 17:00:00'))",talk,16
"Row(start=Timestamp('2024-06-16 16:00:00'), end=Timestamp('2024-06-16 17:00:00'))",enter,16
"Row(start=Timestamp('2024-06-16 16:00:00'), end=Timestamp('2024-06-16 17:00:00'))",citizen,16
"Row(start=Timestamp('2024-06-16 16:00:00'), end=Timestamp('2024-06-16 17:00:00'))",mouth,16
"Row(start=Timestamp('2024-06-16 16:00:00'), end=Timestamp('2024-06-16 17:00:00'))",defense,16
"Row(start=Timestamp('2024-06-16 16:00:00'), end=Timestamp('2024-06-16 17:00:00'))",they,16
"Row(start=Timestamp('2024-06-16 16:00:00'), end=Timestamp('2024-06-16 17:00:00'))",outside,16
"Row(start=Timestamp('2024-06-16 16:00:00'), end=Timestamp('2024-06-16 17:00:00'))",evening,16
"Row(start=Timestamp('2024-06-16 16:00:00'), end=Timestamp('2024-06-16 17:00:00'))",decide,16
"Row(start=Timestamp('2024-06-16 16:00:00'), end=Timestamp('2024-06-16 17:00:00'))",age,16
"Row(start=Timestamp('2024-06-16 16:00:00'), end=Timestamp('2024-06-16 17:00:00'))",quite,16
"Row(start=Timestamp('2024-06-16 16:00:00'), end=Timestamp('2024-06-16 17:00:00'))",at,16
"Row(start=Timestamp('2024-06-16 16:00:00'), end=Timestamp('2024-06-16 17:00:00'))",subject,16
"Row(start=Timestamp('2024-06-16 16:00:00'), end=Timestamp('2024-06-16 17:00:00'))",save,16
"Row(start=Timestamp('2024-06-16 16:00:00'), end=Timestamp('2024-06-16 17:00:00'))",heavy,16
"Row(start=Timestamp('2024-06-16 16:00:00'), end=Timestamp('2024-06-16 17:00:00'))",office,16
"Row(start=Timestamp('2024-06-16 16:00:00'), end=Timestamp('2024-06-16 17:00:00'))",energy,16
"Row(start=Timestamp('2024-06-16 16:00:00'), end=Timestamp('2024-06-16 17:00:00'))",official,16
"Row(start=Timestamp('2024-06-16 16:00:00'), end=Timestamp('2024-06-16 17:00:00'))",plan,16
"Row(start=Timestamp('2024-06-16 16:00:00'), end=Timestamp('2024-06-16 17:00:00'))",act,16
"Row(start=Timestamp('2024-06-16 16:00:00'), end=Timestamp('2024-06-16 17:00:00'))",mother,16
"Row(start=Timestamp('2024-06-16 16:00:00'), end=Timestamp('2024-06-16 17:00:00'))",risk,16
"Row(start=Timestamp('2024-06-16 16:00:00'), end=Timestamp('2024-06-16 17:00:00'))",wonder,15
"Row(start=Timestamp('2024-06-16 16:00:00'), end=Timestamp('2024-06-16 17:00:00'))",actually,15
"Row(start=Timestamp('2024-06-16 16:00:00'), end=Timestamp('2024-06-16 17:00:00'))",fill,15
"Row(start=Timestamp('2024-06-16 16:00:00'), end=Timestamp('2024-06-16 17:00:00'))",whether,15
"Row(start=Timestamp('2024-06-16 16:00:00'), end=Timestamp('2024-06-16 17:00:00'))",against,15
"Row(start=Timestamp('2024-06-16 16:00:00'), end=Timestamp('2024-06-16 17:00:00'))",especially,15
"Row(start=Timestamp('2024-06-16 16:00:00'), end=Timestamp('2024-06-16 17:00:00'))",box,15
"Row(start=Timestamp('2024-06-16 16:00:00'), end=Timestamp('2024-06-16 17:00:00'))",teach,15
"Row(start=Timestamp('2024-06-16 16:00:00'), end=Timestamp('2024-06-16 17:00:00'))",court,15
"Row(start=Timestamp('2024-06-16 16:00:00'), end=Timestamp('2024-06-16 17:00:00'))",live,15
"Row(start=Timestamp('2024-06-16 16:00:00'), end=Timestamp('2024-06-16 17:00:00'))",party,15
"Row(start=Timestamp('2024-06-16 16:00:00'), end=Timestamp('2024-06-16 17:00:00'))",production,15
"Row(start=Timestamp('2024-06-16 16:00:00'), end=Timestamp('2024-06-16 17:00:00'))",strong,15
"Row(start=Timestamp('2024-06-16 16:00:00'), end=Timestamp('2024-06-16 17:00:00'))",TV,15
"Row(start=Timestamp('2024-06-16 16:00:00'), end=Timestamp('2024-06-16 17:00:00'))",form,15
"Row(start=Timestamp('2024-06-16 16:00:00'), end=Timestamp('2024-06-16 17:00:00'))",see,15
"Row(start=Timestamp('2024-06-16 16:00:00'), end=Timestamp('2024-06-16 17:00:00'))",shake,14
"Row(start=Timestamp('2024-06-16 16:00:00'), end=Timestamp('2024-06-16 17:00:00'))",American,14
"Row(start=Timestamp('2024-06-16 16:00:00'), end=Timestamp('2024-06-16 17:00:00'))",treatment,14
"Row(start=Timestamp('2024-06-16 16:00:00'), end=Timestamp('2024-06-16 17:00:00'))",choose,14
"Row(start=Timestamp('2024-06-16 16:00:00'), end=Timestamp('2024-06-16 17:00:00'))",word,14
"Row(start=Timestamp('2024-06-16 16:00:00'), end=Timestamp('2024-06-16 17:00:00'))",although,14
"Row(start=Timestamp('2024-06-16 16:00:00'), end=Timestamp('2024-06-16 17:00:00'))",majority,14
"Row(start=Timestamp('2024-06-16 16:00:00'), end=Timestamp('2024-06-16 17:00:00'))",every,14
"Row(start=Timestamp('2024-06-16 16:00:00'), end=Timestamp('2024-06-16 17:00:00'))",use,14
"Row(start=Timestamp('2024-06-16 16:00:00'), end=Timestamp('2024-06-16 17:00:00'))",public,14
"Row(start=Timestamp('2024-06-16 16:00:00'), end=Timestamp('2024-06-16 17:00:00'))",best,14
"Row(start=Timestamp('2024-06-16 16:00:00'), end=Timestamp('2024-06-16 17:00:00'))",bed,14
"Row(start=Timestamp('2024-06-16 16:00:00'), end=Timestamp('2024-06-16 17:00:00'))",religious,14
"Row(start=Timestamp('2024-06-16 16:00:00'), end=Timestamp('2024-06-16 17:00:00'))",race,14
"Row(start=Timestamp('2024-06-16 16:00:00'), end=Timestamp('2024-06-16 17:00:00'))",can,13
"Row(start=Timestamp('2024-06-16 16:00:00'), end=Timestamp('2024-06-16 17:00:00'))",consider,13
"Row(start=Timestamp('2024-06-16 16:00:00'), end=Timestamp('2024-06-16 17:00:00'))",test,13
"Row(start=Timestamp('2024-06-16 16:00:00'), end=Timestamp('2024-06-16 17:00:00'))",range,13
"Row(start=Timestamp('2024-06-16 16:00:00'), end=Timestamp('2024-06-16 17:00:00'))",market,13
"Row(start=Timestamp('2024-06-16 16:00:00'), end=Timestamp('2024-06-16 17:00:00'))",someone,13
"Row(start=Timestamp('2024-06-16 16:00:00'), end=Timestamp('2024-06-16 17:00:00'))",on,12
"Row(start=Timestamp('2024-06-16 16:00:00'), end=Timestamp('2024-06-16 17:00:00'))",sport,12
"Row(start=Timestamp('2024-06-16 16:00:00'), end=Timestamp('2024-06-16 17:00:00'))",know,12
"Row(start=Timestamp('2024-06-16 16:00:00'), end=Timestamp('2024-06-16 17:00:00'))",which,12
"Row(start=Timestamp('2024-06-16 16:00:00'), end=Timestamp('2024-06-16 17:00:00'))",light,12
"Row(start=Timestamp('2024-06-16 16:00:00'), end=Timestamp('2024-06-16 17:00:00'))",page,12
"Row(start=Timestamp('2024-06-16 16:00:00'), end=Timestamp('2024-06-16 17:00:00'))",woman,12
"Row(start=Timestamp('2024-06-16 16:00:00'), end=Timestamp('2024-06-16 17:00:00'))",remember,12
"Row(start=Timestamp('2024-06-16 16:00:00'), end=Timestamp('2024-06-16 17:00:00'))",four,12
"Row(start=Timestamp('2024-06-16 16:00:00'), end=Timestamp('2024-06-16 17:00:00'))",student,12
"Row(start=Timestamp('2024-06-16 16:00:00'), end=Timestamp('2024-06-16 17:00:00'))",scene,12
"Row(start=Timestamp('2024-06-16 16:00:00'), end=Timestamp('2024-06-16 17:00:00'))",with,12
"Row(start=Timestamp('2024-06-16 16:00:00'), end=Timestamp('2024-06-16 17:00:00'))",enjoy,12
"Row(start=Timestamp('2024-06-16 16:00:00'), end=Timestamp('2024-06-16 17:00:00'))",specific,12
"Row(start=Timestamp('2024-06-16 16:00:00'), end=Timestamp('2024-06-16 17:00:00'))",share,12
"Row(start=Timestamp('2024-06-16 16:00:00'), end=Timestamp('2024-06-16 17:00:00'))",morning,12
"Row(start=Timestamp('2024-06-16 16:00:00'), end=Timestamp('2024-06-16 17:00:00'))",mean,12
"Row(start=Timestamp('2024-06-16 16:00:00'), end=Timestamp('2024-06-16 17:00:00'))",recent,12
"Row(start=Timestamp('2024-06-16 16:00:00'), end=Timestamp('2024-06-16 17:00:00'))",effect,12
"Row(start=Timestamp('2024-06-16 16:00:00'), end=Timestamp('2024-06-16 17:00:00'))",fight,12
"Row(start=Timestamp('2024-06-16 16:00:00'), end=Timestamp('2024-06-16 17:00:00'))",lead,12
"Row(start=Timestamp('2024-06-16 16:00:00'), end=Timestamp('2024-06-16 17:00:00'))",most,12
"Row(start=Timestamp('2024-06-16 16:00:00'), end=Timestamp('2024-06-16 17:00:00'))",month,12
"Row(start=Timestamp('2024-06-16 16:00:00'), end=Timestamp('2024-06-16 17:00:00'))",onto,12
"Row(start=Timestamp('2024-06-16 16:00:00'), end=Timestamp('2024-06-16 17:00:00'))",growth,11
"Row(start=Timestamp('2024-06-16 16:00:00'), end=Timestamp('2024-06-16 17:00:00'))",simple,11
"Row(start=Timestamp('2024-06-16 16:00:00'), end=Timestamp('2024-06-16 17:00:00'))",return,11
"Row(start=Timestamp('2024-06-16 16:00:00'), end=Timestamp('2024-06-16 17:00:00'))",prevent,11
"Row(start=Timestamp('2024-06-16 16:00:00'), end=Timestamp('2024-06-16 17:00:00'))",eat,11
"Row(start=Timestamp('2024-06-16 16:00:00'), end=Timestamp('2024-06-16 17:00:00'))",campaign,11
"Row(start=Timestamp('2024-06-16 16:00:00'), end=Timestamp('2024-06-16 17:00:00'))",soon,11
"Row(start=Timestamp('2024-06-16 16:00:00'), end=Timestamp('2024-06-16 17:00:00'))",radio,11
"Row(start=Timestamp('2024-06-16 16:00:00'), end=Timestamp('2024-06-16 17:00:00'))",teacher,11
"Row(start=Timestamp('2024-06-16 16:00:00'), end=Timestamp('2024-06-16 17:00:00'))",score,11
"Row(start=Timestamp('2024-06-16 16:00:00'), end=Timestamp('2024-06-16 17:00:00'))",world,11
"Row(start=Timestamp('2024-06-16 16:00:00'), end=Timestamp('2024-06-16 17:00:00'))",if,11
"Row(start=Timestamp('2024-06-16 16:00:00'), end=Timestamp('2024-06-16 17:00:00'))",man,11
"Row(start=Timestamp('2024-06-16 16:00:00'), end=Timestamp('2024-06-16 17:00:00'))",such,11
"Row(start=Timestamp('2024-06-16 16:00:00'), end=Timestamp('2024-06-16 17:00:00'))",special,11
"Row(start=Timestamp('2024-06-16 16:00:00'), end=Timestamp('2024-06-16 17:00:00'))",thing,10
"Row(start=Timestamp('2024-06-16 16:00:00'), end=Timestamp('2024-06-16 17:00:00'))",say,10
"Row(start=Timestamp('2024-06-16 16:00:00'), end=Timestamp('2024-06-16 17:00:00'))",something,10
"Row(start=Timestamp('2024-06-16 16:00:00'), end=Timestamp('2024-06-16 17:00:00'))",five,10
"Row(start=Timestamp('2024-06-16 16:00:00'), end=Timestamp('2024-06-16 17:00:00'))",article,10
"Row(start=Timestamp('2024-06-16 16:00:00'), end=Timestamp('2024-06-16 17:00:00'))",foreign,10
"Row(start=Timestamp('2024-06-16 16:00:00'), end=Timestamp('2024-06-16 17:00:00'))",machine,10
"Row(start=Timestamp('2024-06-16 16:00:00'), end=Timestamp('2024-06-16 17:00:00'))",situation,10
"Row(start=Timestamp('2024-06-16 16:00:00'), end=Timestamp('2024-06-16 17:00:00'))",tell,10
"Row(start=Timestamp('2024-06-16 16:00:00'), end=Timestamp('2024-06-16 17:00:00'))",far,10
"Row(start=Timestamp('2024-06-16 16:00:00'), end=Timestamp('2024-06-16 17:00:00'))",again,10
"Row(start=Timestamp('2024-06-16 16:00:00'), end=Timestamp('2024-06-16 17:00:00'))",alone,10
"Row(start=Timestamp('2024-06-16 16:00:00'), end=Timestamp('2024-06-16 17:00:00'))",conference,10
"Row(start=Timestamp('2024-06-16 16:00:00'), end=Timestamp('2024-06-16 17:00:00'))",oil,10
"Row(start=Timestamp('2024-06-16 16:00:00'), end=Timestamp('2024-06-16 17:00:00'))",government,9
"Row(start=Timestamp('2024-06-16 16:00:00'), end=Timestamp('2024-06-16 17:00:00'))",happy,9
"Row(start=Timestamp('2024-06-16 16:00:00'), end=Timestamp('2024-06-16 17:00:00'))",voice,9
"Row(start=Timestamp('2024-06-16 16:00:00'), end=Timestamp('2024-06-16 17:00:00'))",church,9
"Row(start=Timestamp('2024-06-16 16:00:00'), end=Timestamp('2024-06-16 17:00:00'))",spring,9
"Row(start=Timestamp('2024-06-16 16:00:00'), end=Timestamp('2024-06-16 17:00:00'))",course,9
"Row(start=Timestamp('2024-06-16 16:00:00'), end=Timestamp('2024-06-16 17:00:00'))",country,9
"Row(start=Timestamp('2024-06-16 16:00:00'), end=Timestamp('2024-06-16 17:00:00'))",black,9
"Row(start=Timestamp('2024-06-16 16:00:00'), end=Timestamp('2024-06-16 17:00:00'))",sure,9
"Row(start=Timestamp('2024-06-16 16:00:00'), end=Timestamp('2024-06-16 17:00:00'))",throughout,9
"Row(start=Timestamp('2024-06-16 16:00:00'), end=Timestamp('2024-06-16 17:00:00'))",player,9
"Row(start=Timestamp('2024-06-16 16:00:00'), end=Timestamp('2024-06-16 17:00:00'))",agent,9
"Row(start=Timestamp('2024-06-16 16:00:00'), end=Timestamp('2024-06-16 17:00:00'))",always,9
"Row(start=Timestamp('2024-06-16 16:00:00'), end=Timestamp('2024-06-16 17:00:00'))",national,9
"Row(start=Timestamp('2024-06-16 16:00:00'), end=Timestamp('2024-06-16 17:00:00'))",process,9
"Row(start=Timestamp('2024-06-16 16:00:00'), end=Timestamp('2024-06-16 17:00:00'))",picture,9
"Row(start=Timestamp('2024-06-16 16:00:00'), end=Timestamp('2024-06-16 17:00:00'))",raise,9
"Row(start=Timestamp('2024-06-16 16:00:00'), end=Timestamp('2024-06-16 17:00:00'))",seem,9
"Row(start=Timestamp('2024-06-16 16:00:00'), end=Timestamp('2024-06-16 17:00:00'))",bar,9
"Row(start=Timestamp('2024-06-16 16:00:00'), end=Timestamp('2024-06-16 17:00:00'))",glass,9
"Row(start=Timestamp('2024-06-16 16:00:00'), end=Timestamp('2024-06-16 17:00:00'))",quality,9
"Row(start=Timestamp('2024-06-16 16:00:00'), end=Timestamp('2024-06-16 17:00:00'))",new,8
"Row(start=Timestamp('2024-06-16 16:00:00'), end=Timestamp('2024-06-16 17:00:00'))",animal,8
"Row(start=Timestamp('2024-06-16 16:00:00'), end=Timestamp('2024-06-16 17:00:00'))",news,8
"Row(start=Timestamp('2024-06-16 16:00:00'), end=Timestamp('2024-06-16 17:00:00'))",short,8
"Row(start=Timestamp('2024-06-16 16:00:00'), end=Timestamp('2024-06-16 17:00:00'))",Democrat,8
"Row(start=Timestamp('2024-06-16 16:00:00'), end=Timestamp('2024-06-16 17:00:00'))",young,8
"Row(start=Timestamp('2024-06-16 16:00:00'), end=Timestamp('2024-06-16 17:00:00'))",true,8
"Row(start=Timestamp('2024-06-16 16:00:00'), end=Timestamp('2024-06-16 17:00:00'))",similar,8
"Row(start=Timestamp('2024-06-16 16:00:00'), end=Timestamp('2024-06-16 17:00:00'))",exist,8
"Row(start=Timestamp('2024-06-16 16:00:00'), end=Timestamp('2024-06-16 17:00:00'))",often,8
"Row(start=Timestamp('2024-06-16 16:00:00'), end=Timestamp('2024-06-16 17:00:00'))",to,8
"Row(start=Timestamp('2024-06-16 16:00:00'), end=Timestamp('2024-06-16 17:00:00'))",direction,8
"Row(start=Timestamp('2024-06-16 16:00:00'), end=Timestamp('2024-06-16 17:00:00'))",include,8
"Row(start=Timestamp('2024-06-16 16:00:00'), end=Timestamp('2024-06-16 17:00:00'))",cold,8
"Row(start=Timestamp('2024-06-16 16:00:00'), end=Timestamp('2024-06-16 17:00:00'))",through,8
"Row(start=Timestamp('2024-06-16 16:00:00'), end=Timestamp('2024-06-16 17:00:00'))",simply,8
"Row(start=Timestamp('2024-06-16 16:00:00'), end=Timestamp('2024-06-16 17:00:00'))",sing,8
"Row(start=Timestamp('2024-06-16 16:00:00'), end=Timestamp('2024-06-16 17:00:00'))",book,8
"Row(start=Timestamp('2024-06-16 16:00:00'), end=Timestamp('2024-06-16 17:00:00'))",by,7
"Row(start=Timestamp('2024-06-16 16:00:00'), end=Timestamp('2024-06-16 17:00:00'))",partner,7
"Row(start=Timestamp('2024-06-16 16:00:00'), end=Timestamp('2024-06-16 17:00:00'))",still,7
"Row(start=Timestamp('2024-06-16 16:00:00'), end=Timestamp('2024-06-16 17:00:00'))",miss,7
"Row(start=Timestamp('2024-06-16 16:00:00'), end=Timestamp('2024-06-16 17:00:00'))",stock,7
"Row(start=Timestamp('2024-06-16 16:00:00'), end=Timestamp('2024-06-16 17:00:00'))",capital,7
"Row(start=Timestamp('2024-06-16 16:00:00'), end=Timestamp('2024-06-16 17:00:00'))",power,7
"Row(start=Timestamp('2024-06-16 16:00:00'), end=Timestamp('2024-06-16 17:00:00'))",good,7
"Row(start=Timestamp('2024-06-16 16:00:00'), end=Timestamp('2024-06-16 17:00:00'))",should,7
"Row(start=Timestamp('2024-06-16 16:00:00'), end=Timestamp('2024-06-16 17:00:00'))",nice,7
"Row(start=Timestamp('2024-06-16 16:00:00'), end=Timestamp('2024-06-16 17:00:00'))",bank,7
"Row(start=Timestamp('2024-06-16 16:00:00'), end=Timestamp('2024-06-16 17:00:00'))",hit,7
"Row(start=Timestamp('2024-06-16 16:00:00'), end=Timestamp('2024-06-16 17:00:00'))",play,7
"Row(start=Timestamp('2024-06-16 16:00:00'), end=Timestamp('2024-06-16 17:00:00'))",mind,7
"Row(start=Timestamp('2024-06-16 16:00:00'), end=Timestamp('2024-06-16 17:00:00'))",assume,7
"Row(start=Timestamp('2024-06-16 16:00:00'), end=Timestamp('2024-06-16 17:00:00'))",various,7
"Row(start=Timestamp('2024-06-16 16:00:00'), end=Timestamp('2024-06-16 17:00:00'))",general,7
"Row(start=Timestamp('2024-06-16 16:00:00'), end=Timestamp('2024-06-16 17:00:00'))",start,7
"Row(start=Timestamp('2024-06-16 16:00:00'), end=Timestamp('2024-06-16 17:00:00'))",officer,7
"Row(start=Timestamp('2024-06-16 16:00:00'), end=Timestamp('2024-06-16 17:00:00'))",than,7
"Row(start=Timestamp('2024-06-16 16:00:00'), end=Timestamp('2024-06-16 17:00:00'))",child,7
"Row(start=Timestamp('2024-06-16 16:00:00'), end=Timestamp('2024-06-16 17:00:00'))",war,7
"Row(start=Timestamp('2024-06-16 16:00:00'), end=Timestamp('2024-06-16 17:00:00'))",health,6
"Row(start=Timestamp('2024-06-16 16:00:00'), end=Timestamp('2024-06-16 17:00:00'))",ability,6
"Row(start=Timestamp('2024-06-16 16:00:00'), end=Timestamp('2024-06-16 17:00:00'))",across,6
"Row(start=Timestamp('2024-06-16 16:00:00'), end=Timestamp('2024-06-16 17:00:00'))",treat,6
"Row(start=Timestamp('2024-06-16 16:00:00'), end=Timestamp('2024-06-16 17:00:00'))",card,6
"Row(start=Timestamp('2024-06-16 16:00:00'), end=Timestamp('2024-06-16 17:00:00'))",catch,6
"Row(start=Timestamp('2024-06-16 16:00:00'), end=Timestamp('2024-06-16 17:00:00'))",lose,6
"Row(start=Timestamp('2024-06-16 16:00:00'), end=Timestamp('2024-06-16 17:00:00'))",recognize,6
"Row(start=Timestamp('2024-06-16 16:00:00'), end=Timestamp('2024-06-16 17:00:00'))",executive,6
"Row(start=Timestamp('2024-06-16 16:00:00'), end=Timestamp('2024-06-16 17:00:00'))",degree,6
"Row(start=Timestamp('2024-06-16 16:00:00'), end=Timestamp('2024-06-16 17:00:00'))",great,6
"Row(start=Timestamp('2024-06-16 16:00:00'), end=Timestamp('2024-06-16 17:00:00'))",school,6
"Row(start=Timestamp('2024-06-16 16:00:00'), end=Timestamp('2024-06-16 17:00:00'))",when,6
"Row(start=Timestamp('2024-06-16 16:00:00'), end=Timestamp('2024-06-16 17:00:00'))",business,6
"Row(start=Timestamp('2024-06-16 16:00:00'), end=Timestamp('2024-06-16 17:00:00'))",staff,6
"Row(start=Timestamp('2024-06-16 16:00:00'), end=Timestamp('2024-06-16 17:00:00'))",stuff,6
"Row(start=Timestamp('2024-06-16 16:00:00'), end=Timestamp('2024-06-16 17:00:00'))",operation,5
"Row(start=Timestamp('2024-06-16 16:00:00'), end=Timestamp('2024-06-16 17:00:00'))",either,5
"Row(start=Timestamp('2024-06-16 16:00:00'), end=Timestamp('2024-06-16 17:00:00'))",write,5
"Row(start=Timestamp('2024-06-16 16:00:00'), end=Timestamp('2024-06-16 17:00:00'))",small,5
"Row(start=Timestamp('2024-06-16 16:00:00'), end=Timestamp('2024-06-16 17:00:00'))",like,5
"Row(start=Timestamp('2024-06-16 16:00:00'), end=Timestamp('2024-06-16 17:00:00'))",available,5
"Row(start=Timestamp('2024-06-16 16:00:00'), end=Timestamp('2024-06-16 17:00:00'))",win,5
"Row(start=Timestamp('2024-06-16 16:00:00'), end=Timestamp('2024-06-16 17:00:00'))",western,5
"Row(start=Timestamp('2024-06-16 16:00:00'), end=Timestamp('2024-06-16 17:00:00'))",art,5
"Row(start=Timestamp('2024-06-16 16:00:00'), end=Timestamp('2024-06-16 17:00:00'))",let,5
"Row(start=Timestamp('2024-06-16 16:00:00'), end=Timestamp('2024-06-16 17:00:00'))",father,5
"Row(start=Timestamp('2024-06-16 16:00:00'), end=Timestamp('2024-06-16 17:00:00'))",begin,5
"Row(start=Timestamp('2024-06-16 16:00:00'), end=Timestamp('2024-06-16 17:00:00'))",prove,5
"Row(start=Timestamp('2024-06-16 16:00:00'), end=Timestamp('2024-06-16 17:00:00'))",PM,5
"Row(start=Timestamp('2024-06-16 16:00:00'), end=Timestamp('2024-06-16 17:00:00'))",behind,5
"Row(start=Timestamp('2024-06-16 16:00:00'), end=Timestamp('2024-06-16 17:00:00'))",these,5
"Row(start=Timestamp('2024-06-16 16:00:00'), end=Timestamp('2024-06-16 17:00:00'))",green,5
"Row(start=Timestamp('2024-06-16 16:00:00'), end=Timestamp('2024-06-16 17:00:00'))",foot,5
"Row(start=Timestamp('2024-06-16 16:00:00'), end=Timestamp('2024-06-16 17:00:00'))",order,5
"Row(start=Timestamp('2024-06-16 16:00:00'), end=Timestamp('2024-06-16 17:00:00'))",Mr,5
"Row(start=Timestamp('2024-06-16 16:00:00'), end=Timestamp('2024-06-16 17:00:00'))",price,5
"Row(start=Timestamp('2024-06-16 16:00:00'), end=Timestamp('2024-06-16 17:00:00'))",speak,5
"Row(start=Timestamp('2024-06-16 16:00:00'), end=Timestamp('2024-06-16 17:00:00'))",issue,5
"Row(start=Timestamp('2024-06-16 16:00:00'), end=Timestamp('2024-06-16 17:00:00'))",necessary,5
"Row(start=Timestamp('2024-06-16 16:00:00'), end=Timestamp('2024-06-16 17:00:00'))",member,5
"Row(start=Timestamp('2024-06-16 16:00:00'), end=Timestamp('2024-06-16 17:00:00'))",base,5
"Row(start=Timestamp('2024-06-16 16:00:00'), end=Timestamp('2024-06-16 17:00:00'))",own,4
"Row(start=Timestamp('2024-06-16 16:00:00'), end=Timestamp('2024-06-16 17:00:00'))",several,4
"Row(start=Timestamp('2024-06-16 16:00:00'), end=Timestamp('2024-06-16 17:00:00'))",career,4
"Row(start=Timestamp('2024-06-16 16:00:00'), end=Timestamp('2024-06-16 17:00:00'))",keep,4
"Row(start=Timestamp('2024-06-16 16:00:00'), end=Timestamp('2024-06-16 17:00:00'))",indeed,4
"Row(start=Timestamp('2024-06-16 16:00:00'), end=Timestamp('2024-06-16 17:00:00'))",director,4
"Row(start=Timestamp('2024-06-16 16:00:00'), end=Timestamp('2024-06-16 17:00:00'))",garden,4
"Row(start=Timestamp('2024-06-16 16:00:00'), end=Timestamp('2024-06-16 17:00:00'))",surface,4
"Row(start=Timestamp('2024-06-16 16:00:00'), end=Timestamp('2024-06-16 17:00:00'))",red,4
"Row(start=Timestamp('2024-06-16 16:00:00'), end=Timestamp('2024-06-16 17:00:00'))",serve,4
"Row(start=Timestamp('2024-06-16 16:00:00'), end=Timestamp('2024-06-16 17:00:00'))",draw,4
"Row(start=Timestamp('2024-06-16 16:00:00'), end=Timestamp('2024-06-16 17:00:00'))",none,4
"Row(start=Timestamp('2024-06-16 16:00:00'), end=Timestamp('2024-06-16 17:00:00'))",reason,4
"Row(start=Timestamp('2024-06-16 16:00:00'), end=Timestamp('2024-06-16 17:00:00'))",language,3
"Row(start=Timestamp('2024-06-16 16:00:00'), end=Timestamp('2024-06-16 17:00:00'))",already,3
"Row(start=Timestamp('2024-06-16 16:00:00'), end=Timestamp('2024-06-16 17:00:00'))",some,3
"Row(start=Timestamp('2024-06-16 16:00:00'), end=Timestamp('2024-06-16 17:00:00'))",tree,3
"Row(start=Timestamp('2024-06-16 16:00:00'), end=Timestamp('2024-06-16 17:00:00'))",pattern,3
"Row(start=Timestamp('2024-06-16 16:00:00'), end=Timestamp('2024-06-16 17:00:00'))",challenge,3
"Row(start=Timestamp('2024-06-16 16:00:00'), end=Timestamp('2024-06-16 17:00:00'))",agreement,3
"Row(start=Timestamp('2024-06-16 16:00:00'), end=Timestamp('2024-06-16 17:00:00'))",give,3
"Row(start=Timestamp('2024-06-16 16:00:00'), end=Timestamp('2024-06-16 17:00:00'))",manage,3
"Row(start=Timestamp('2024-06-16 16:00:00'), end=Timestamp('2024-06-16 17:00:00'))",two,3
"Row(start=Timestamp('2024-06-16 16:00:00'), end=Timestamp('2024-06-16 17:00:00'))",college,3
"Row(start=Timestamp('2024-06-16 16:00:00'), end=Timestamp('2024-06-16 17:00:00'))",three,3
"Row(start=Timestamp('2024-06-16 16:00:00'), end=Timestamp('2024-06-16 17:00:00'))",vote,3
"Row(start=Timestamp('2024-06-16 16:00:00'), end=Timestamp('2024-06-16 17:00:00'))",key,3
"Row(start=Timestamp('2024-06-16 16:00:00'), end=Timestamp('2024-06-16 17:00:00'))",employee,3
"Row(start=Timestamp('2024-06-16 16:00:00'), end=Timestamp('2024-06-16 17:00:00'))",big,3
"Row(start=Timestamp('2024-06-16 16:00:00'), end=Timestamp('2024-06-16 17:00:00'))",exactly,3
"Row(start=Timestamp('2024-06-16 16:00:00'), end=Timestamp('2024-06-16 17:00:00'))",decade,3
"Row(start=Timestamp('2024-06-16 16:00:00'), end=Timestamp('2024-06-16 17:00:00'))",until,3
"Row(start=Timestamp('2024-06-16 16:00:00'), end=Timestamp('2024-06-16 17:00:00'))",Mrs,3
"Row(start=Timestamp('2024-06-16 16:00:00'), end=Timestamp('2024-06-16 17:00:00'))",chair,2
"Row(start=Timestamp('2024-06-16 16:00:00'), end=Timestamp('2024-06-16 17:00:00'))",work,2
"Row(start=Timestamp('2024-06-16 16:00:00'), end=Timestamp('2024-06-16 17:00:00'))",series,2
"Row(start=Timestamp('2024-06-16 16:00:00'), end=Timestamp('2024-06-16 17:00:00'))",over,2
"Row(start=Timestamp('2024-06-16 16:00:00'), end=Timestamp('2024-06-16 17:00:00'))",low,2
"Row(start=Timestamp('2024-06-16 16:00:00'), end=Timestamp('2024-06-16 17:00:00'))",finish,2
"Row(start=Timestamp('2024-06-16 16:00:00'), end=Timestamp('2024-06-16 17:00:00'))",peace,2
"Row(start=Timestamp('2024-06-16 16:00:00'), end=Timestamp('2024-06-16 17:00:00'))",interest,2
"Row(start=Timestamp('2024-06-16 16:00:00'), end=Timestamp('2024-06-16 17:00:00'))",large,2
"Row(start=Timestamp('2024-06-16 16:00:00'), end=Timestamp('2024-06-16 17:00:00'))",computer,2
"Row(start=Timestamp('2024-06-16 16:00:00'), end=Timestamp('2024-06-16 17:00:00'))",pressure,2
"Row(start=Timestamp('2024-06-16 16:00:00'), end=Timestamp('2024-06-16 17:00:00'))",who,2
"Row(start=Timestamp('2024-06-16 16:00:00'), end=Timestamp('2024-06-16 17:00:00'))",end,2
"Row(start=Timestamp('2024-06-16 16:00:00'), end=Timestamp('2024-06-16 17:00:00'))",figure,2
"Row(start=Timestamp('2024-06-16 16:00:00'), end=Timestamp('2024-06-16 17:00:00'))",front,2
"Row(start=Timestamp('2024-06-16 16:00:00'), end=Timestamp('2024-06-16 17:00:00'))",source,2
"Row(start=Timestamp('2024-06-16 16:00:00'), end=Timestamp('2024-06-16 17:00:00'))",item,2
"Row(start=Timestamp('2024-06-16 16:00:00'), end=Timestamp('2024-06-16 17:00:00'))",different,1
"Row(start=Timestamp('2024-06-16 16:00:00'), end=Timestamp('2024-06-16 17:00:00'))",knowledge,1
"Row(start=Timestamp('2024-06-16 16:00:00'), end=Timestamp('2024-06-16 17:00:00'))",senior,1
"Row(start=Timestamp('2024-06-16 16:00:00'), end=Timestamp('2024-06-16 17:00:00'))",community,1
"Row(start=Timestamp('2024-06-16 16:00:00'), end=Timestamp('2024-06-16 17:00:00'))",role,1
"Row(start=Timestamp('2024-06-16 16:00:00'), end=Timestamp('2024-06-16 17:00:00'))",pull,1
"Row(start=Timestamp('2024-06-16 16:00:00'), end=Timestamp('2024-06-16 17:00:00'))",blue,1
"Row(start=Timestamp('2024-06-16 16:00:00'), end=Timestamp('2024-06-16 17:00:00'))",because,1
"Row(start=Timestamp('2024-06-16 16:00:00'), end=Timestamp('2024-06-16 17:00:00'))",laugh,1
"Row(start=Timestamp('2024-06-16 16:00:00'), end=Timestamp('2024-06-16 17:00:00'))",produce,1
"Row(start=Timestamp('2024-06-16 16:00:00'), end=Timestamp('2024-06-16 17:00:00'))",dog,1
"Row(start=Timestamp('2024-06-16 16:00:00'), end=Timestamp('2024-06-16 17:00:00'))",concern,1
"Row(start=Timestamp('2024-06-16 16:00:00'), end=Timestamp('2024-06-16 17:00:00'))",analysis,1
"Row(start=Timestamp('2024-06-16 16:00:00'), end=Timestamp('2024-06-16 17:00:00'))",real,1
"Row(start=Timestamp('2024-06-16 16:00:00'), end=Timestamp('2024-06-16 17:00:00'))",cover,1
"Row(start=Timestamp('2024-06-16 16:00:00'), end=Timestamp('2024-06-16 17:00:00'))",poor,1
